"";"HF100";"HF101";"HF102";"HF103";"HF104";"HF105";"HF106";"HF107";"HF108";"HF109";"HF110";"HF112";"HF113";"HF114";"HF115";"HF116";"HF117";"HF119";"HF120";"HF124";"HF125";"HF126";"HF127";"HF129";"HF131";"HF132";"HF133";"HF134";"HF135";"HF136";"HF137";"HF138";"HF139";"HF140";"HF142";"HF143";"HF144";"HF149";"HF151";"HF152";"HF153";"HF154";"HF156";"HF158";"HF159";"HF160";"HF161";"HF162";"HF163";"HF164";"HF169";"HF171";"HF172";"HF173";"HF178";"HF41";"HF46";"HF47";"HF50";"HF51";"HF52";"HF53";"HF54";"HF55";"HF56";"HF57";"HF58";"HF59";"HF60";"HF61";"HF62";"HF63";"HF64";"HF65";"HF66";"HF68";"HF71";"HF72";"HF73";"HF74";"HF75";"HF76";"HF77";"HF79";"HF80";"HF81";"HF82";"HF83";"HF84";"HF85";"HF90";"HF91";"HF92";"HF93";"HF94";"HF95";"HF96";"Domain";"Supergroup";"Division";"Subdivision";"Class";"Order";"Family";"Genus";"Species";"nutrition";"morphology";"locomotion";"habitat"
"Otu281";2;2;7;0;8;2;0;1;3;0;0;7;2;0;3;2;6;2;4;3;1;1;1;1;0;2;0;0;6;2;1;2;0;1;0;0;0;0;0;0;0;0;0;0;0;0;0;0;0;0;0;0;0;0;0;15;11;23;8;8;13;15;12;1;16;11;11;4;9;7;7;6;5;17;1;8;4;7;4;4;12;12;4;4;3;0;0;4;2;7;3;7;9;6;1;12;11;"Eukaryota";"TSAR";"Stramenopiles";"Gyrista";"Xanthophyceae";"Xanthophyceae_X";"Xanthophyceae_XX";NA;NA;NA;NA;NA;NA
"Otu15";22;18;13;5;9;13;37;9;8;8;27;19;19;21;14;17;7;8;11;0;4;3;4;4;4;5;11;29;7;2;1;0;3;2;0;1;0;0;0;0;0;0;0;2;1;0;0;0;0;0;0;0;0;1;0;22;24;23;30;19;19;17;52;47;15;18;34;45;22;24;41;25;25;20;19;10;49;31;38;21;39;13;20;27;43;30;76;14;21;19;17;16;14;14;22;22;12;"Eukaryota";"TSAR";"Stramenopiles";"Gyrista";"Peronosporomycetes";"Peronosporomycetes_X";"Peronosporales";"Pythium";NA;NA;NA;NA;NA
"Otu71";2;5;2;8;32;20;1;2;10;8;12;1;4;1;15;1;0;13;1;8;3;3;5;16;6;5;8;8;5;17;5;4;14;11;0;0;1;0;0;0;0;5;2;0;8;0;0;0;1;0;0;0;0;0;0;2;1;3;0;2;1;1;2;1;0;4;1;1;1;1;1;11;1;2;3;1;3;0;3;3;1;3;3;2;0;0;0;2;1;3;1;1;1;2;1;1;2;"Eukaryota";"TSAR";"Stramenopiles";"Gyrista";NA;NA;NA;NA;NA;NA;NA;NA;NA
"Otu365";0;0;2;0;1;0;0;0;3;0;0;4;0;1;0;0;4;0;0;0;0;0;0;0;0;1;1;0;0;0;0;0;0;0;0;0;0;0;0;0;0;0;0;0;0;0;0;0;0;0;0;0;0;0;0;0;1;4;0;0;3;1;0;0;2;1;0;1;0;1;3;1;1;0;0;2;0;0;0;2;0;0;2;2;0;0;1;0;0;1;0;9;4;1;0;3;0;"Eukaryota";"TSAR";"Stramenopiles";"Gyrista";"Chrysophyceae";"Ochromonadales";"Ochromonadaceae";"Poterioochromonas";NA;NA;NA;NA;NA
"Otu128";0;0;0;0;0;1;0;0;0;0;0;0;0;0;0;0;0;0;0;0;0;0;0;0;0;0;0;0;0;0;0;0;0;0;0;0;0;0;0;0;0;0;0;0;0;0;0;0;0;0;0;0;0;0;0;7;13;6;2;3;6;4;0;3;6;13;4;4;7;2;2;0;0;4;1;0;6;2;1;2;1;3;0;0;0;0;0;0;0;0;1;0;0;0;0;1;0;"Eukaryota";"TSAR";"Stramenopiles";"Gyrista";"Xanthophyceae";"Xanthophyceae_X";"Xanthophyceae_XX";"Heterococcus";NA;NA;NA;NA;NA
"Otu341";0;2;0;3;2;0;0;8;1;0;3;0;1;6;4;0;0;2;0;5;3;3;2;4;1;2;0;0;11;2;0;19;5;4;3;2;0;0;0;0;0;0;0;1;1;0;0;1;0;0;0;0;0;1;0;8;0;0;2;1;0;1;0;5;1;2;2;1;2;0;2;1;0;3;5;0;4;1;1;0;3;0;2;2;1;0;0;4;0;2;1;0;0;2;3;1;1;"Eukaryota";"TSAR";"Stramenopiles";"Gyrista";"Peronosporomycetes";"Peronosporomycetes_X";"Peronosporomycetes_XX";"Peronosporomycetes_XXX";"Peronosporomycetes_XXX_sp.";NA;NA;NA;NA
"Otu146";0;0;1;1;1;0;0;0;2;0;1;1;5;0;1;2;0;2;3;1;0;1;0;1;0;3;4;0;0;0;4;2;4;1;0;0;0;0;0;0;1;0;0;0;1;0;0;0;0;0;0;0;0;0;0;6;2;1;4;4;0;1;2;2;3;0;5;0;1;0;2;9;2;2;2;28;0;1;2;2;2;4;1;2;3;2;3;5;4;1;6;8;4;3;1;4;0;"Eukaryota";"TSAR";"Stramenopiles";"Gyrista";"Chrysophyceae";"Ochromonadales";"Ochromonadales_clade-XII";"Ochromonadales_clade-XII_X";"Ochromonadales_clade-XII_X_sp.";NA;NA;NA;NA
"Otu720";0;0;1;1;0;2;0;1;0;0;0;1;0;1;0;0;0;0;0;1;8;0;0;0;2;2;3;0;0;1;1;1;0;0;0;0;0;0;0;0;0;0;0;0;0;0;1;0;0;0;0;0;0;0;0;0;0;0;0;0;0;0;0;0;0;2;1;0;0;0;0;0;0;0;0;0;0;1;1;0;0;0;1;2;0;1;0;0;0;0;0;0;0;0;0;0;0;"Eukaryota";"TSAR";"Stramenopiles";"Gyrista";"Chrysophyceae";"Synurales";"Synuraceae";"Mallomonas";NA;NA;NA;NA;NA
"Otu174";4;0;4;1;0;1;1;3;3;1;3;0;3;0;1;3;0;0;0;3;0;3;4;1;4;4;1;1;0;8;0;0;1;1;0;1;0;0;0;0;0;1;0;0;0;0;0;0;0;0;0;0;0;0;0;2;3;0;2;4;3;0;0;2;1;1;0;1;5;0;0;1;0;1;0;0;1;1;0;3;0;0;3;3;1;3;1;4;0;1;1;0;0;11;0;4;1;"Eukaryota";"TSAR";"Stramenopiles";"Gyrista";"Peronosporomycetes";"Peronosporomycetes_X";"Peronosporomycetes_XX";"Peronosporomycetes_XXX";"Peronosporomycetes_XXX_sp.";NA;NA;NA;NA
"Otu75";1;2;0;0;0;0;0;0;0;0;0;0;0;0;0;0;0;0;0;0;0;0;0;0;0;0;0;0;0;0;0;0;0;0;0;0;0;0;0;0;0;0;0;0;0;0;0;0;0;0;0;0;0;0;0;7;25;13;13;7;0;8;5;2;5;5;15;6;9;25;7;3;30;6;3;30;3;10;8;4;7;5;9;6;4;9;2;0;26;5;5;11;1;0;0;6;1;"Eukaryota";"TSAR";"Stramenopiles";"Gyrista";"Peronosporomycetes";"Peronosporomycetes_X";"Peronosporales";"Lagenidium";NA;NA;NA;NA;NA
"Otu215";0;0;0;2;0;0;0;0;0;1;0;0;0;0;0;0;0;0;0;0;0;0;0;0;0;0;0;0;0;0;0;0;0;0;0;0;0;0;0;0;0;0;0;0;0;0;0;0;0;0;0;0;0;0;0;1;7;1;4;4;4;3;3;2;3;7;4;0;0;4;0;0;0;1;0;0;0;5;5;0;0;0;0;0;0;0;0;0;0;0;0;0;0;0;1;0;0;"Eukaryota";"TSAR";"Stramenopiles";"Gyrista";"Peronosporomycetes";"Peronosporomycetes_X";"Peronosporales";"Phytophthora";"Phytophthora_nicotianae";NA;NA;NA;NA
"Otu257";8;0;0;5;0;1;1;0;0;2;0;0;2;2;2;3;0;0;0;0;0;0;0;0;0;0;0;0;0;1;0;0;0;0;0;0;0;0;0;0;0;0;0;0;0;0;0;0;0;0;0;0;0;0;0;5;2;0;1;0;0;4;1;5;5;3;7;0;7;3;7;5;1;3;1;0;3;4;5;0;0;4;2;1;1;1;0;0;0;0;0;0;1;1;1;4;3;"Eukaryota";"TSAR";"Stramenopiles";"Gyrista";"Peronosporomycetes";"Peronosporomycetes_X";"Peronosporales";"Pythium";NA;NA;NA;NA;NA
"Otu232";1;2;9;5;1;1;0;0;5;8;3;3;1;13;1;14;5;0;6;1;1;1;2;0;3;0;0;1;0;1;1;1;6;0;4;1;3;6;6;3;3;0;1;5;11;0;0;2;1;0;2;0;3;3;0;6;0;0;2;0;1;2;1;3;0;1;1;3;0;1;0;1;3;8;1;0;1;2;0;2;0;0;4;4;1;1;1;4;4;4;2;15;11;4;2;1;8;"Eukaryota";"TSAR";"Stramenopiles";"Gyrista";"Chrysophyceae";"Ochromonadales";"Ochromonadaceae";"Poterioochromonas";NA;NA;NA;NA;NA
"Otu1097";0;0;0;0;0;0;0;0;0;0;0;0;0;0;0;0;0;0;0;0;0;0;0;0;0;0;0;0;0;0;0;0;0;0;0;0;0;0;0;0;0;0;0;0;0;0;0;0;0;0;0;0;0;0;0;0;0;0;1;0;0;1;0;0;0;0;1;0;0;0;0;0;0;0;0;0;0;0;0;0;0;0;0;0;0;0;0;0;0;0;0;0;0;0;0;0;0;"Eukaryota";"TSAR";"Stramenopiles";"Gyrista";"Peronosporomycetes";"Peronosporomycetes_X";"Peronosporales";"Pythium";NA;NA;NA;NA;NA
"Otu60";27;22;6;24;7;11;5;5;17;5;17;8;8;1;28;7;15;8;1;1;9;0;2;7;4;0;6;12;1;1;7;2;0;4;0;1;0;0;0;0;0;0;0;0;0;0;0;0;0;0;0;0;0;0;0;2;6;8;5;11;16;7;0;5;4;11;4;5;3;8;8;5;10;9;13;9;5;8;8;23;12;10;6;7;21;17;8;11;17;5;23;6;11;8;8;6;16;"Eukaryota";"TSAR";"Stramenopiles";"Gyrista";"Peronosporomycetes";"Peronosporomycetes_X";"Peronosporales";"Pythium";NA;NA;NA;NA;NA
"Otu261";3;1;4;2;1;1;0;2;0;1;3;2;0;1;1;2;16;0;2;0;1;1;3;2;0;0;1;0;0;1;0;0;0;2;0;2;0;0;0;0;0;0;0;0;3;0;0;0;0;0;0;0;0;0;0;1;3;3;1;5;0;4;2;0;3;2;2;1;1;2;4;1;1;1;0;7;0;0;2;0;5;6;0;2;1;7;0;3;5;2;5;0;6;2;3;1;2;"Eukaryota";"TSAR";"Stramenopiles";"Gyrista";"Xanthophyceae";"Xanthophyceae_X";"Xanthophyceae_XX";NA;NA;NA;NA;NA;NA
"Otu195";0;0;1;0;0;2;1;0;1;0;0;2;0;0;3;2;0;0;1;0;0;0;0;0;0;0;0;0;0;0;0;0;0;0;0;0;0;0;0;0;0;0;0;0;0;0;0;0;0;0;0;0;0;0;0;2;0;3;2;5;2;3;5;1;9;1;2;6;3;0;0;1;3;0;1;2;0;3;0;0;2;2;0;0;0;3;3;2;1;7;2;6;2;2;1;1;4;"Eukaryota";"TSAR";"Stramenopiles";"Gyrista";"Xanthophyceae";"Xanthophyceae_X";"Xanthophyceae_XX";NA;NA;NA;NA;NA;NA
"Otu313";0;0;1;0;0;0;0;0;0;0;0;0;0;0;1;0;0;1;1;0;0;0;0;0;0;0;0;0;0;0;0;0;0;0;0;0;0;0;0;0;0;0;0;0;0;0;0;0;0;0;0;0;0;0;0;7;0;4;3;2;0;2;1;2;2;4;2;1;2;2;1;0;0;4;0;2;2;0;1;3;3;4;1;1;2;2;0;0;3;5;1;4;0;0;0;2;0;"Eukaryota";"TSAR";"Stramenopiles";"Gyrista";"Xanthophyceae";"Xanthophyceae_X";"Xanthophyceae_XX";NA;NA;NA;NA;NA;NA
"Otu94";2;0;0;0;0;0;0;1;0;2;0;0;0;0;0;1;4;4;0;0;4;1;0;1;0;6;3;0;0;8;0;3;1;0;0;0;1;0;0;0;0;0;0;0;0;0;0;0;0;0;1;0;0;0;0;1;2;4;5;2;7;7;2;11;5;5;1;6;2;4;3;8;7;3;3;0;5;5;8;4;6;8;2;4;5;2;1;0;2;4;6;0;2;14;2;6;8;"Eukaryota";"TSAR";"Stramenopiles";"Gyrista";"Eustigmatophyceae";"Eustigmatophyceae_X";"Eustigmatophyceae_XX";NA;NA;NA;NA;NA;NA
"Otu1035";0;0;0;0;0;0;0;0;0;0;0;0;0;0;0;0;0;0;0;0;0;0;0;0;0;0;0;0;0;0;0;0;0;0;0;0;0;0;0;0;0;0;0;0;0;0;0;0;0;0;0;0;0;0;0;2;0;0;0;0;3;1;0;0;0;0;1;0;0;0;0;0;0;0;0;0;1;0;0;0;0;0;0;0;0;0;0;0;0;0;0;0;0;0;0;0;0;"Eukaryota";"TSAR";"Stramenopiles";"Gyrista";"Xanthophyceae";"Xanthophyceae_X";"Xanthophyceae_XX";NA;NA;NA;NA;NA;NA
"Otu492";0;0;0;0;0;0;0;0;0;0;0;0;0;0;0;0;0;0;0;0;0;0;0;0;0;0;0;0;0;0;0;0;0;0;0;0;0;0;0;0;0;0;0;0;0;0;0;0;0;0;0;0;0;0;0;1;0;0;1;0;3;4;0;0;0;0;1;2;3;0;0;0;0;1;1;0;0;0;0;0;0;0;0;0;0;0;0;0;0;0;0;0;0;0;0;0;0;"Eukaryota";"TSAR";"Stramenopiles";"Gyrista";"Xanthophyceae";"Xanthophyceae_X";"Xanthophyceae_XX";NA;NA;NA;NA;NA;NA
"Otu416";0;0;0;0;0;0;1;0;0;0;0;0;0;2;0;0;0;0;0;1;0;0;0;0;0;0;3;0;0;0;0;0;0;0;0;0;0;0;0;2;0;0;0;0;0;1;0;0;0;0;0;0;0;0;5;0;0;0;0;0;0;0;0;0;0;0;0;0;1;0;0;0;1;0;0;0;0;1;0;0;1;1;0;0;2;0;0;3;0;0;0;0;0;2;0;0;1;"Eukaryota";"TSAR";"Stramenopiles";"Gyrista";"Peronosporomycetes";"Peronosporomycetes_X";"Saprolegniales";"Leptolegnia";NA;NA;NA;NA;NA
"Otu345";0;1;1;0;0;0;0;0;0;0;0;0;0;0;0;0;0;0;0;0;0;0;0;0;0;0;0;0;0;2;1;0;0;1;0;0;0;0;0;0;0;0;0;0;0;0;0;0;1;0;0;0;0;0;0;0;0;2;2;1;1;0;0;1;1;1;1;0;1;0;1;0;0;0;1;0;0;0;2;1;0;0;0;0;0;1;1;0;0;1;0;0;0;1;0;3;0;"Eukaryota";"TSAR";"Stramenopiles";"Gyrista";"Xanthophyceae";"Xanthophyceae_X";"Xanthophyceae_XX";"Heterococcus";NA;NA;NA;NA;NA
"Otu815";1;1;0;1;0;0;0;1;0;1;0;0;0;3;0;0;0;2;2;2;1;1;0;0;0;0;1;1;0;0;0;0;0;3;0;0;0;0;0;1;0;1;0;0;0;0;0;0;0;0;0;0;0;0;0;0;0;0;0;0;0;0;0;0;0;1;0;0;0;0;1;0;0;0;0;0;0;0;0;0;0;0;0;1;0;0;0;1;0;0;0;0;0;0;0;0;0;"Eukaryota";"TSAR";"Stramenopiles";"Gyrista";"Chrysophyceae";NA;NA;NA;NA;NA;NA;NA;NA
"Otu259";0;0;1;2;3;1;1;0;3;5;3;1;3;1;2;7;2;2;6;1;1;6;4;6;6;4;8;16;24;1;3;9;3;4;0;2;2;0;2;0;3;0;2;6;5;2;0;0;0;0;0;9;0;0;1;1;1;0;2;0;0;0;0;1;2;2;0;0;0;1;2;3;0;0;3;0;0;3;0;2;2;1;1;1;2;1;1;3;1;2;1;4;4;1;0;3;1;"Eukaryota";"TSAR";"Stramenopiles";"Gyrista";"Chrysophyceae";"Ochromonadales";"Ochromonadaceae";"Spumella";"Spumella_bureschii";NA;NA;NA;NA
"Otu735";1;0;2;0;0;2;2;0;0;0;0;0;0;1;1;0;3;2;0;0;0;0;1;0;1;0;2;0;0;0;0;2;0;0;0;0;0;0;0;0;0;0;0;0;0;0;0;0;0;0;0;0;0;0;0;0;1;0;1;0;1;0;1;2;1;0;0;0;1;0;1;2;2;0;0;1;2;1;1;1;0;1;0;1;0;0;0;0;1;3;0;2;2;0;0;2;1;"Eukaryota";"TSAR";"Stramenopiles";"Gyrista";"Xanthophyceae";"Xanthophyceae_X";"Xanthophyceae_XX";NA;NA;NA;NA;NA;NA
"Otu1182";0;0;1;0;1;1;0;0;0;0;0;0;0;0;0;0;0;0;0;0;0;0;0;1;0;0;0;0;0;0;0;0;0;0;0;0;0;0;0;0;0;0;0;0;0;0;0;0;0;0;0;0;0;0;0;0;0;1;0;1;4;2;0;0;0;0;1;0;1;1;0;1;0;0;0;0;0;0;2;0;1;0;1;0;0;0;1;4;0;0;1;0;0;0;0;2;3;"Eukaryota";"TSAR";"Stramenopiles";"Gyrista";"Xanthophyceae";"Xanthophyceae_X";"Xanthophyceae_XX";NA;NA;NA;NA;NA;NA
"Otu1588";0;1;0;0;0;0;0;0;0;0;0;0;0;0;0;0;0;0;0;0;0;0;0;0;0;0;0;0;0;0;0;0;0;0;0;0;0;0;0;0;0;0;0;0;0;0;0;0;0;0;0;0;0;0;0;3;2;3;3;0;5;0;0;0;0;0;2;1;3;0;3;1;2;1;0;1;0;4;0;0;0;0;0;0;0;1;0;0;0;1;1;0;0;0;0;2;0;"Eukaryota";"TSAR";"Stramenopiles";"Gyrista";"Peronosporomycetes";"Peronosporomycetes_X";"Peronosporales";NA;NA;NA;NA;NA;NA
"Otu123";2;0;5;8;7;6;1;7;10;2;3;0;7;5;1;2;4;4;5;5;7;10;5;0;4;7;4;2;7;8;8;0;5;4;0;4;1;0;1;1;2;1;0;1;3;0;0;3;0;0;0;0;0;0;0;2;0;1;4;5;3;5;3;2;2;0;0;1;2;0;0;4;1;2;1;0;1;0;1;0;0;4;0;2;1;2;1;1;6;5;12;0;3;3;2;6;13;"Eukaryota";"TSAR";"Stramenopiles";"Gyrista";"Xanthophyceae";"Xanthophyceae_X";"Xanthophyceae_XX";"Heterococcus";NA;NA;NA;NA;NA
"Otu391";1;0;0;0;0;0;0;2;0;1;2;0;0;2;5;0;0;2;0;0;0;0;0;0;2;3;0;0;0;1;0;2;0;0;0;0;0;0;0;0;0;0;0;0;0;0;0;0;0;0;0;0;0;0;0;1;2;0;0;2;0;0;0;0;0;0;1;0;0;0;0;1;0;0;2;0;2;0;0;0;0;1;0;0;0;1;0;0;0;0;0;0;2;0;0;1;0;"Eukaryota";"TSAR";"Stramenopiles";"Gyrista";"Chrysophyceae";"Ochromonadales";"Ochromonadales_clade-XI";"Ochromonadales_clade-XI_X";"Ochromonadales_clade-XI_X_sp.";NA;NA;NA;NA
"Otu524";0;0;0;0;0;0;0;0;0;0;0;0;0;0;1;0;3;2;0;0;0;0;0;0;0;0;0;0;0;0;0;0;0;0;0;0;0;0;0;0;0;0;0;0;0;0;0;0;0;0;0;0;0;0;0;1;0;0;0;0;0;0;1;2;0;0;1;1;0;0;0;0;0;0;0;0;0;0;0;0;0;0;0;0;0;0;0;0;1;0;0;0;2;0;0;1;0;"Eukaryota";"TSAR";"Stramenopiles";"Gyrista";"Phaeophyceae";"Phaeophyceae_X";"Phaeophyceae_XX";NA;NA;NA;NA;NA;NA
"Otu668";1;0;0;0;0;0;0;0;0;0;0;0;0;0;0;0;0;0;0;0;0;0;0;0;0;0;0;0;0;0;0;0;0;0;0;0;0;0;0;0;0;0;0;0;0;0;0;0;0;0;0;0;0;0;0;0;0;0;0;0;0;0;0;0;0;0;0;0;0;0;0;0;0;2;0;0;0;0;0;0;0;0;0;0;0;0;0;0;0;0;0;0;2;1;0;0;0;"Eukaryota";"TSAR";"Stramenopiles";"Gyrista";"Chrysophyceae";NA;NA;NA;NA;NA;NA;NA;NA
"Otu84";2;4;7;13;1;1;1;8;2;3;0;11;3;3;0;1;3;1;9;3;1;18;9;12;5;0;5;2;9;1;12;12;9;1;0;10;3;0;2;8;3;0;8;11;9;2;0;0;0;0;0;0;5;0;0;1;2;0;2;2;0;2;1;2;3;1;0;0;2;0;0;2;0;0;2;3;1;0;0;4;0;1;0;2;1;2;0;3;4;12;2;2;2;4;0;2;2;"Eukaryota";"TSAR";"Stramenopiles";"Gyrista";"Peronosporomycetes";"Peronosporomycetes_X";"Peronosporomycetes_XX";"Peronosporomycetes_XXX";"Peronosporomycetes_XXX_sp.";NA;NA;NA;NA
"Otu373";0;0;0;0;0;0;0;0;0;0;0;0;0;0;0;0;0;0;0;0;0;0;0;0;0;0;0;0;0;0;0;0;0;0;0;0;0;0;0;0;0;0;0;0;0;0;0;0;0;0;0;0;0;0;0;1;0;2;1;3;1;3;0;0;5;2;0;1;0;3;1;0;2;1;0;0;2;0;0;0;2;1;1;0;0;0;1;0;0;0;0;0;0;0;0;0;1;"Eukaryota";"TSAR";"Stramenopiles";"Gyrista";"Xanthophyceae";"Xanthophyceae_X";"Xanthophyceae_XX";NA;NA;NA;NA;NA;NA
"Otu172";3;4;3;2;7;0;2;0;0;7;0;1;18;2;2;3;1;3;4;0;1;4;0;0;1;0;3;0;0;0;0;0;3;0;0;0;0;0;0;0;0;0;1;0;0;0;0;0;0;0;0;0;0;0;0;1;0;0;0;0;0;0;0;1;3;2;0;2;1;0;0;0;2;3;6;0;0;0;0;2;1;0;2;1;1;0;1;8;2;2;2;0;0;1;0;1;2;"Eukaryota";"TSAR";"Stramenopiles";"Gyrista";"Peronosporomycetes";"Peronosporomycetes_X";"Peronosporales";"Pythium";NA;NA;NA;NA;NA
"Otu1533";0;0;0;0;0;0;0;0;0;0;0;0;0;0;0;0;0;0;0;0;0;0;0;0;0;0;0;0;0;0;0;0;0;0;0;0;0;0;0;0;0;0;0;0;0;0;0;0;0;0;0;0;0;0;0;0;0;0;0;0;0;0;0;0;1;1;1;0;0;0;0;0;0;0;0;0;0;0;0;0;0;0;0;0;0;0;0;0;0;0;0;0;0;0;0;0;0;"Eukaryota";"TSAR";"Stramenopiles";"Gyrista";"Bacillariophyceae";NA;NA;NA;NA;NA;NA;NA;NA
"Otu1198";0;1;0;0;0;0;0;0;0;0;0;0;0;0;0;0;0;0;0;0;0;0;0;0;0;0;0;0;0;0;0;0;0;0;0;0;0;0;0;0;0;0;0;0;0;0;0;0;0;0;0;0;0;0;0;0;0;0;0;0;0;0;0;0;0;2;0;0;0;0;1;0;0;0;1;0;0;0;0;0;0;0;0;0;0;0;0;0;0;0;0;0;0;0;0;0;0;"Eukaryota";"TSAR";"Stramenopiles";"Gyrista";"Peronosporomycetes";"Peronosporomycetes_X";"Peronosporomycetes_XX";"Peronosporomycetes_XXX";"Peronosporomycetes_XXX_sp.";NA;NA;NA;NA
"Otu1285";0;0;0;0;0;0;0;0;0;0;0;1;0;0;0;0;0;0;0;0;0;0;0;0;0;0;0;0;0;0;0;0;0;0;0;0;0;0;0;0;0;0;0;0;0;0;0;0;0;0;0;0;0;0;0;0;0;0;0;0;1;0;0;0;0;0;0;0;0;0;0;0;0;0;0;1;0;0;0;0;0;1;0;0;0;0;0;0;0;0;0;0;0;0;0;0;0;"Eukaryota";"TSAR";"Stramenopiles";"Gyrista";"Xanthophyceae";"Xanthophyceae_X";"Xanthophyceae_XX";NA;NA;NA;NA;NA;NA
"Otu964";0;0;0;0;0;0;0;0;0;0;0;0;0;0;0;0;0;0;0;0;0;0;0;0;0;0;0;0;0;0;0;0;0;0;0;0;0;0;0;0;0;0;0;0;0;0;0;0;0;0;0;0;0;0;0;2;1;0;0;0;4;0;0;0;0;1;0;0;0;0;0;0;0;0;0;0;0;0;0;0;0;0;0;0;0;0;0;0;0;0;0;0;0;0;0;0;0;"Eukaryota";"TSAR";"Stramenopiles";"Gyrista";"Chrysophyceae";"Paraphysomonadales";"Paraphysomonadaceae";"Paraphysomonas";NA;NA;NA;NA;NA
"Otu1849";0;5;1;2;4;3;1;7;4;1;1;1;6;5;1;3;7;0;0;0;2;1;2;7;2;0;2;2;4;2;0;0;1;1;0;2;1;1;0;0;0;0;0;0;0;0;0;0;0;0;1;0;0;0;0;0;1;1;1;1;0;0;2;1;1;0;0;0;0;3;0;0;1;1;0;0;1;0;0;1;0;3;2;1;0;1;0;1;0;1;0;0;0;2;0;1;0;"Eukaryota";"TSAR";"Stramenopiles";"Gyrista";"Xanthophyceae";"Xanthophyceae_X";"Xanthophyceae_XX";NA;NA;NA;NA;NA;NA
"Otu666";0;0;0;0;0;2;0;3;0;0;2;1;0;1;0;1;1;0;3;0;0;0;0;0;0;0;0;0;0;0;0;0;0;0;0;0;0;0;0;0;0;0;0;0;0;0;0;0;0;0;0;0;0;0;0;0;0;0;0;0;0;0;0;0;0;0;0;0;0;0;0;2;0;0;0;0;0;1;0;0;1;0;0;0;0;0;0;1;0;1;0;0;0;0;1;0;0;"Eukaryota";"TSAR";"Stramenopiles";"Gyrista";NA;NA;NA;NA;NA;NA;NA;NA;NA
"Otu406";1;1;2;1;2;1;0;4;0;1;0;0;3;1;2;1;0;0;6;0;1;0;0;1;0;0;0;2;11;1;0;1;0;0;1;3;0;2;0;0;0;2;0;0;1;9;0;0;0;0;0;0;0;0;0;0;0;4;3;0;1;1;4;2;0;1;0;0;3;4;1;0;1;2;1;1;0;1;0;1;1;1;0;1;1;2;2;2;1;0;2;1;4;1;0;2;0;"Eukaryota";"TSAR";"Stramenopiles";"Gyrista";"Chrysophyceae";"Ochromonadales";"Ochromonadaceae";"Spumella";"Spumella_sp.";NA;NA;NA;NA
"Otu25";3;4;17;3;6;5;1;11;10;12;13;3;8;8;2;2;0;26;6;15;16;10;41;15;18;11;14;14;1;13;18;14;13;19;54;28;55;61;23;49;41;41;51;34;11;30;90;28;13;4;30;31;38;33;10;0;0;0;1;2;0;0;0;0;1;0;1;0;0;1;0;1;0;0;0;2;0;1;0;0;0;1;0;5;1;1;0;9;2;2;0;6;4;2;6;3;1;"Eukaryota";"TSAR";"Stramenopiles";"Gyrista";"Peronosporomycetes";"Peronosporomycetes_X";"Peronosporomycetes_XX";"Peronosporomycetes_XXX";"Peronosporomycetes_XXX_sp.";NA;NA;NA;NA
"Otu65";9;22;12;4;9;26;8;24;13;18;6;34;8;13;9;20;17;17;12;47;16;25;12;21;23;23;18;7;6;15;32;13;21;13;45;24;30;18;46;26;21;24;23;36;37;35;7;44;41;96;65;25;26;66;57;0;0;0;3;4;3;1;1;2;1;1;1;4;0;0;1;2;2;3;1;0;2;1;0;1;2;1;1;1;0;12;1;12;3;6;10;6;9;4;4;0;6;"Eukaryota";"TSAR";"Stramenopiles";"Gyrista";"Xanthophyceae";"Xanthophyceae_X";"Xanthophyceae_XX";NA;NA;NA;NA;NA;NA
"Otu616";0;0;0;0;0;0;0;0;0;0;0;0;0;0;0;0;0;0;0;0;0;0;0;0;0;0;0;0;0;0;0;0;0;0;0;2;0;0;0;0;0;0;0;0;0;0;0;0;0;0;0;0;0;0;0;0;0;0;0;0;0;0;1;0;0;0;0;0;0;0;0;0;0;1;0;0;0;2;1;0;1;0;0;2;0;0;0;0;0;0;0;0;0;0;0;0;1;"Eukaryota";"TSAR";"Stramenopiles";"Gyrista";"Bacillariophyceae";"Naviculales";"Naviculales_X";"Mayamaea";NA;NA;NA;NA;NA
"Otu783";0;0;0;0;0;0;0;0;0;0;0;0;0;0;0;0;0;0;0;0;0;0;0;0;0;0;0;0;0;0;0;0;0;0;0;0;0;0;0;0;0;0;0;0;0;0;0;0;0;0;0;0;0;0;0;0;0;0;0;0;0;0;0;0;0;0;0;0;2;0;0;0;0;0;0;0;0;0;0;0;0;1;0;0;0;1;0;0;0;0;1;0;0;0;0;0;0;"Eukaryota";"TSAR";"Stramenopiles";"Gyrista";"Xanthophyceae";"Xanthophyceae_X";"Xanthophyceae_XX";NA;NA;NA;NA;NA;NA
"Otu197";0;0;0;1;0;1;0;0;0;0;0;0;0;0;0;0;0;0;0;0;0;0;0;0;0;0;0;0;0;0;0;0;0;0;0;0;0;0;0;0;0;0;0;0;0;0;0;0;0;0;0;0;0;0;0;0;0;0;1;6;0;1;5;0;2;0;0;0;0;1;1;0;1;2;0;0;0;1;0;4;0;7;0;11;1;0;0;0;1;3;0;0;0;0;0;2;0;"Eukaryota";"TSAR";"Stramenopiles";"Gyrista";"Bacillariophyceae";"Naviculales";"Stauroneidaceae";NA;NA;NA;NA;NA;NA
"Otu837";0;0;0;0;0;0;0;0;0;0;0;0;0;0;0;0;0;0;0;0;0;0;0;0;0;0;0;0;0;0;0;0;0;0;0;0;0;0;0;0;0;0;0;0;0;0;0;0;0;0;0;0;0;0;0;0;0;0;0;0;0;0;0;0;0;1;0;0;0;0;0;0;0;0;0;0;0;0;0;5;0;0;0;1;0;0;0;0;0;0;0;0;0;0;0;0;0;"Eukaryota";"TSAR";"Stramenopiles";"Gyrista";"Peronosporomycetes";"Peronosporomycetes_X";"Peronosporales";"Pythium";NA;NA;NA;NA;NA
"Otu1530";0;0;0;0;0;0;0;0;0;0;0;0;0;0;0;0;0;0;0;0;0;0;0;0;0;0;0;0;0;0;0;0;0;0;0;0;0;0;0;0;0;0;0;0;0;0;0;0;0;0;0;0;0;0;0;0;0;0;0;0;0;0;0;0;0;0;0;0;0;0;0;0;0;0;0;0;0;0;0;0;0;0;0;0;0;0;0;0;2;0;0;0;0;0;0;0;0;"Eukaryota";"TSAR";"Stramenopiles";"Gyrista";"Bacillariophyceae";"Cymbellales";"Gomphonemataceae";NA;NA;NA;NA;NA;NA
"Otu841";0;0;0;0;0;0;0;0;0;0;0;0;0;0;1;1;0;1;0;0;0;0;0;0;0;0;0;0;0;0;0;0;0;0;0;0;0;0;0;0;0;0;0;0;0;0;0;0;0;0;0;0;0;0;0;0;0;0;0;0;0;0;0;0;0;0;0;0;0;0;0;0;0;0;1;1;0;0;0;0;0;1;0;0;0;0;0;0;0;0;0;0;0;0;0;0;1;"Eukaryota";"TSAR";"Stramenopiles";"Gyrista";"Peronosporomycetes";"Peronosporomycetes_X";"Peronosporales";"Pythium";NA;NA;NA;NA;NA
"Otu210";0;0;0;1;2;0;32;0;0;1;1;0;0;1;0;0;0;0;0;0;0;0;0;0;0;2;0;1;0;4;1;0;1;1;0;0;2;0;0;0;0;1;0;0;1;0;0;0;0;0;0;0;0;0;0;0;0;0;0;3;0;1;0;0;0;1;0;0;0;0;1;1;0;0;0;0;0;0;0;0;0;5;0;0;5;0;0;1;0;1;0;0;1;0;0;0;0;"Eukaryota";"TSAR";"Stramenopiles";"Gyrista";"Peronosporomycetes";"Peronosporomycetes_X";"Saprolegniales";"Leptolegnia";"Leptolegnia_sp.";NA;NA;NA;NA
"Otu1500";0;0;0;0;0;0;0;0;0;0;0;0;0;0;0;0;0;0;0;0;0;0;0;0;0;0;0;0;0;0;0;0;0;0;0;0;0;0;0;0;0;0;0;0;0;0;0;0;0;0;0;0;0;0;0;0;0;0;0;0;0;0;0;0;0;0;0;0;0;0;0;0;0;0;0;0;0;0;0;2;0;0;0;0;0;0;0;0;0;0;0;0;0;0;0;0;0;"Eukaryota";"TSAR";"Stramenopiles";"Gyrista";"Bacillariophyceae";NA;NA;NA;NA;NA;NA;NA;NA
"Otu725";0;0;0;0;0;0;0;0;0;0;0;0;0;0;0;0;0;0;1;0;0;5;0;0;0;0;0;0;0;3;0;10;1;0;0;0;2;0;2;0;1;2;2;0;1;1;0;0;0;0;0;0;0;0;0;0;0;0;0;0;0;0;0;0;0;0;0;0;0;0;0;0;0;0;0;0;0;0;0;0;0;0;0;0;0;0;0;0;0;0;0;0;0;0;0;0;0;"Eukaryota";"TSAR";"Stramenopiles";"Gyrista";"Peronosporomycetes";"Peronosporomycetes_X";"Peronosporomycetes_XX";"Peronosporomycetes_XXX";"Peronosporomycetes_XXX_sp.";NA;NA;NA;NA
"Otu909";0;0;0;0;0;0;0;0;0;0;0;0;0;0;0;0;0;0;0;0;0;0;0;0;0;0;0;0;0;0;0;0;0;0;0;0;0;0;0;0;0;0;0;0;0;0;0;0;0;0;0;0;0;0;0;0;0;0;0;0;0;1;0;2;0;0;0;0;3;0;1;0;0;0;0;0;0;0;0;0;0;0;0;0;0;0;0;0;0;1;0;0;0;0;0;0;0;"Eukaryota";"TSAR";"Stramenopiles";"Gyrista";"Peronosporomycetes";"Peronosporomycetes_X";"Peronosporomycetes_XX";"Peronosporomycetes_XXX";"Peronosporomycetes_XXX_sp.";NA;NA;NA;NA
"Otu98";5;0;2;1;1;3;1;0;7;2;0;1;3;4;3;4;1;2;13;0;0;1;1;0;1;1;1;0;4;5;0;0;0;0;0;0;0;0;0;0;0;0;0;0;0;0;0;0;0;0;0;0;0;0;0;0;0;0;0;1;2;5;0;0;0;1;0;0;10;3;4;5;2;3;7;0;3;12;15;1;2;2;1;5;0;3;4;0;0;1;0;2;8;8;11;4;5;"Eukaryota";"TSAR";"Stramenopiles";"Gyrista";"Peronosporomycetes";"Peronosporomycetes_X";"Saprolegniales";"Aphanomyces";NA;NA;NA;NA;NA
"Otu980";0;2;2;5;3;2;1;4;6;5;7;5;4;5;4;3;4;4;10;9;13;5;5;6;14;8;7;4;14;4;8;5;7;10;2;22;7;8;27;13;18;29;15;10;14;29;11;14;4;6;1;3;4;1;4;0;0;0;0;2;0;1;1;0;4;0;0;1;0;1;0;1;2;0;1;0;0;0;0;0;1;1;0;0;0;1;1;4;0;0;1;0;0;1;3;0;0;"Eukaryota";"TSAR";"Stramenopiles";"Gyrista";"Peronosporomycetes";"Peronosporomycetes_X";"Peronosporomycetes_XX";"Peronosporomycetes_XXX";"Peronosporomycetes_XXX_sp.";NA;NA;NA;NA
"Otu1032";0;0;0;0;0;1;0;0;0;0;0;0;0;0;0;0;0;0;0;0;0;0;0;0;0;0;0;0;0;0;0;0;0;0;0;0;0;0;0;0;0;0;0;0;0;0;0;0;0;0;0;0;0;0;0;0;0;0;0;0;1;0;1;0;0;0;1;0;0;0;0;0;0;0;0;0;0;0;0;0;0;0;0;2;0;0;0;0;0;0;0;0;0;0;0;0;1;"Eukaryota";"TSAR";"Stramenopiles";"Gyrista";"Bacillariophyceae";NA;NA;NA;NA;NA;NA;NA;NA
"Otu221";0;0;0;0;0;0;0;0;0;0;0;0;0;0;0;0;0;0;0;0;0;0;0;0;0;0;0;0;0;0;0;0;0;0;0;0;0;0;0;0;0;0;0;0;0;0;0;0;0;0;0;0;0;0;0;0;0;0;0;0;0;1;0;0;0;0;1;0;0;0;0;1;0;0;5;1;0;1;0;0;0;0;23;0;0;0;0;0;0;0;0;0;0;0;1;0;2;"Eukaryota";"TSAR";"Stramenopiles";"Gyrista";"Peronosporomycetes";"Peronosporomycetes_X";"Peronosporales";NA;NA;NA;NA;NA;NA
"Otu1218";0;0;0;0;0;0;0;0;0;0;0;0;0;0;0;0;0;0;0;0;0;0;0;0;0;0;0;0;0;0;0;0;0;0;0;0;0;0;0;0;0;0;0;0;0;0;0;0;0;0;0;0;0;0;0;0;0;0;0;0;0;0;0;0;0;0;0;0;0;0;0;0;0;0;0;0;0;0;0;0;0;0;0;0;0;0;0;0;0;0;0;0;0;0;0;0;0;"Eukaryota";"TSAR";"Stramenopiles";"Gyrista";"Bacillariophyceae";"Naviculales";"Stauroneidaceae";"Fistulifera";"Fistulifera_saprophila";NA;NA;NA;NA
"Otu1368";0;0;0;0;0;0;0;0;0;0;0;0;0;0;0;0;0;0;0;0;0;0;0;0;0;0;0;0;0;0;0;0;0;0;0;0;0;0;0;0;0;0;0;0;0;0;0;0;0;0;0;0;0;0;0;0;0;0;0;0;2;0;0;0;0;1;0;0;0;0;0;0;0;0;1;0;0;0;0;0;0;0;0;0;0;0;0;0;0;0;0;0;0;0;0;0;0;"Eukaryota";"TSAR";"Stramenopiles";"Gyrista";"Chrysophyceae";NA;NA;NA;NA;NA;NA;NA;NA
"Otu93";6;0;0;0;0;0;4;0;0;0;0;0;0;0;0;0;0;0;0;0;0;0;0;0;0;0;0;0;0;0;0;0;0;0;0;0;0;0;0;0;0;0;0;0;0;0;0;0;0;0;0;0;0;0;0;0;0;0;0;0;0;0;0;0;0;0;0;8;0;8;0;1;1;1;23;0;9;0;1;12;0;1;16;1;8;2;0;1;0;0;0;0;0;0;34;0;0;"Eukaryota";"TSAR";"Stramenopiles";"Gyrista";"Peronosporomycetes";"Peronosporomycetes_X";"Saprolegniales";"Leptolegnia";"Leptolegnia_sp.";NA;NA;NA;NA
"Otu767";0;0;0;0;1;0;0;0;0;0;0;0;0;0;1;0;3;0;0;0;0;0;0;0;0;0;0;0;0;0;0;0;0;0;0;0;0;0;0;0;0;0;0;0;0;0;0;0;0;0;0;0;0;0;0;0;0;0;0;0;0;0;0;0;0;0;0;2;0;0;0;0;0;0;0;0;0;0;0;0;0;0;0;0;0;1;0;2;0;0;0;0;0;1;0;0;0;"Eukaryota";"TSAR";"Stramenopiles";"Gyrista";"Chrysophyceae";NA;NA;NA;NA;NA;NA;NA;NA
"Otu1042";0;0;0;0;0;0;0;0;0;0;0;0;0;1;0;0;1;0;0;0;0;0;0;0;0;0;0;0;0;1;0;1;0;2;0;0;0;0;0;0;0;0;0;0;0;0;0;0;0;0;0;0;0;0;0;0;0;0;0;0;0;0;0;0;0;0;0;0;0;0;0;0;0;0;0;0;0;0;0;0;0;0;0;0;0;0;0;0;0;0;0;0;0;0;0;0;0;"Eukaryota";"TSAR";"Stramenopiles";"Gyrista";"Peronosporomycetes";"Peronosporomycetes_X";"Peronosporomycetes_XX";"Peronosporomycetes_XXX";"Peronosporomycetes_XXX_sp.";NA;NA;NA;NA
"Otu1761";0;2;0;0;1;0;2;0;0;0;0;0;0;0;0;1;1;1;0;0;0;0;0;0;0;2;0;0;0;0;0;0;0;0;0;3;0;0;0;0;0;0;0;0;0;0;0;0;0;0;0;0;0;0;0;0;0;0;0;0;0;0;0;0;0;0;0;0;0;0;0;1;0;3;0;0;0;0;0;0;0;0;2;0;0;0;0;0;0;0;0;0;0;0;1;0;0;"Eukaryota";"TSAR";"Stramenopiles";"Gyrista";"Chrysophyceae";"Ochromonadales";"Ochromonadaceae";"Poterioochromonas";NA;NA;NA;NA;NA
"Otu1277";0;0;0;0;0;0;0;0;0;0;0;0;0;0;0;0;0;0;0;0;0;0;0;0;0;0;0;0;0;0;0;0;0;0;0;0;0;0;0;0;0;0;0;0;0;0;0;0;0;0;0;0;0;0;0;0;0;0;0;0;0;0;0;0;0;0;0;0;0;0;0;0;0;0;0;0;0;0;0;0;0;0;0;0;0;0;0;0;0;0;0;0;0;0;0;0;0;"Eukaryota";"TSAR";"Stramenopiles";"Gyrista";"Bacillariophyceae";"Naviculales";"Stauroneidaceae";"Craticula";NA;NA;NA;NA;NA
"Otu1867";2;0;0;0;0;0;0;0;0;0;0;1;0;0;0;0;2;0;0;0;0;0;0;0;0;0;0;2;0;0;0;0;0;0;0;0;0;0;0;0;0;0;0;0;0;0;0;0;0;0;0;0;0;0;0;0;0;0;0;0;0;0;1;0;0;0;0;1;3;0;0;1;1;0;0;0;0;0;0;0;2;0;0;0;0;0;0;1;0;1;0;3;0;6;0;0;0;"Eukaryota";"TSAR";"Stramenopiles";"Gyrista";"Peronosporomycetes";"Peronosporomycetes_X";"Peronosporales";"Pythium";NA;NA;NA;NA;NA
"Otu1816";0;0;0;0;0;0;0;0;0;0;0;0;0;0;0;0;0;0;0;0;0;0;0;0;0;0;0;0;0;0;0;0;0;0;0;0;0;0;0;0;0;0;0;0;0;0;0;0;0;0;0;0;0;0;0;0;0;0;0;0;0;0;0;0;0;0;0;0;0;0;1;2;0;0;0;0;0;0;0;0;0;0;0;0;0;0;0;0;0;0;0;0;0;0;0;0;0;"Eukaryota";"TSAR";"Stramenopiles";"Gyrista";"Chrysophyceae";"Paraphysomonadales";"Paraphysomonadaceae";"Paraphysomonas";"Paraphysomonas_sp.";NA;NA;NA;NA
"Otu963";0;1;2;0;0;0;0;0;0;0;0;0;0;0;0;0;0;0;0;0;0;0;0;0;0;0;0;0;0;0;0;0;0;0;0;0;0;0;0;0;0;0;0;0;0;0;0;0;0;0;0;0;0;0;0;0;0;0;0;0;0;0;0;0;0;0;0;1;0;0;1;0;0;0;0;0;0;0;0;0;0;0;0;1;0;0;0;0;0;1;0;0;0;0;1;0;0;"Eukaryota";"TSAR";"Stramenopiles";"Gyrista";"Chrysophyceae";"Ochromonadales";"Ochromonadaceae";"Spumella";"Spumella_sp.";NA;NA;NA;NA
"Otu1123";0;0;0;0;0;0;0;0;0;0;0;0;0;0;0;0;0;0;0;0;0;0;0;0;0;0;0;0;0;0;0;0;0;0;0;0;0;0;0;0;0;0;0;0;0;0;0;0;0;0;0;0;0;0;0;0;0;0;0;0;0;0;0;0;0;0;0;0;0;0;0;0;0;0;0;0;0;0;0;0;0;0;0;0;0;0;0;0;0;0;0;0;0;0;0;0;0;"Eukaryota";"TSAR";"Stramenopiles";"Gyrista";"Peronosporomycetes";"Peronosporomycetes_X";"Peronosporales";"Lagenidium";NA;NA;NA;NA;NA
"Otu1029";0;0;0;0;0;0;0;0;0;0;0;0;0;0;0;0;0;0;0;0;0;0;0;0;0;0;0;0;0;0;0;0;0;0;0;0;0;0;0;0;0;0;0;0;0;0;0;0;0;0;0;0;0;0;0;0;0;0;0;0;0;0;0;0;3;0;0;0;0;0;0;0;0;0;0;0;0;0;0;0;0;0;0;0;0;0;0;0;0;0;0;0;0;0;0;0;0;"Eukaryota";"TSAR";"Stramenopiles";"Gyrista";"Peronosporomycetes";"Peronosporomycetes_X";"Saprolegniales";"Leptolegnia";"Leptolegnia_sp.";NA;NA;NA;NA
"Otu1848";0;0;0;1;0;0;0;0;0;3;0;0;0;0;0;0;0;0;0;0;0;0;2;0;0;0;0;0;0;0;0;0;2;3;0;0;0;0;0;0;1;0;0;2;0;0;0;0;0;0;0;0;0;0;0;0;0;0;0;0;0;0;0;0;0;0;0;0;0;0;1;0;0;0;0;0;0;0;0;0;0;0;0;1;0;0;0;0;0;0;0;0;0;0;0;0;0;"Eukaryota";"TSAR";"Stramenopiles";"Gyrista";"Chrysophyceae";"Ochromonadales";"Ochromonadaceae";"Spumella";NA;NA;NA;NA;NA
"Otu1784";0;0;0;0;0;0;0;0;0;0;0;0;0;0;0;0;0;0;0;0;0;0;0;0;0;0;0;0;0;0;0;0;0;0;0;0;0;0;0;0;0;0;0;0;0;0;0;0;0;0;0;0;0;0;0;0;0;0;0;0;0;0;0;0;0;0;0;0;0;0;0;0;0;0;0;0;0;0;0;0;0;0;0;0;0;0;0;0;0;0;0;0;0;0;0;0;0;"Eukaryota";"TSAR";"Stramenopiles";"Gyrista";"Peronosporomycetes";"Peronosporomycetes_X";"Peronosporomycetes_XX";"Peronosporomycetes_XXX";"Peronosporomycetes_XXX_sp.";NA;NA;NA;NA
"Otu1747";0;0;0;0;0;0;0;0;0;0;0;0;0;0;0;0;0;0;0;0;0;0;0;0;0;0;0;0;0;0;0;0;0;0;0;0;0;0;0;0;0;0;0;0;0;0;0;0;0;0;0;0;0;0;0;0;0;0;0;0;0;0;0;0;0;0;0;0;0;0;0;0;0;0;0;0;0;0;0;0;0;0;0;0;0;0;0;0;0;0;0;0;0;0;0;0;0;"Eukaryota";"TSAR";"Stramenopiles";"Gyrista";"Bacillariophyceae";"Naviculales";"Sellaphoraceae";"Sellaphora";NA;NA;NA;NA;NA
"Otu1782";0;0;0;0;0;0;0;0;0;0;0;0;0;0;0;0;0;0;1;0;0;0;0;0;0;0;0;0;0;0;0;0;0;0;0;0;0;0;0;0;0;0;0;0;0;0;0;0;0;0;0;0;0;0;2;0;0;0;0;0;0;0;0;0;0;0;0;0;0;0;0;0;0;0;0;0;0;0;0;0;0;0;0;0;0;0;0;0;0;0;0;0;0;0;0;0;0;"Eukaryota";"TSAR";"Stramenopiles";"Gyrista";"Chrysophyceae";"Ochromonadales";"Ochromonadaceae";"Spumella";NA;NA;NA;NA;NA
"Otu1503";0;0;0;0;0;0;0;0;0;0;0;0;0;0;0;0;0;0;0;0;0;0;0;0;0;0;0;0;0;0;0;0;0;0;0;0;0;0;0;0;0;0;0;0;0;0;0;0;0;0;0;0;0;0;0;0;0;0;0;0;0;0;0;0;0;0;0;0;0;0;0;0;0;0;0;0;0;0;0;0;0;0;0;0;0;0;0;0;0;0;0;0;0;1;0;0;0;"Eukaryota";"TSAR";"Stramenopiles";"Gyrista";"Peronosporomycetes";"Peronosporomycetes_X";"Saprolegniales";NA;NA;NA;NA;NA;NA
"Otu1437";1;0;0;0;0;0;0;0;0;0;0;0;0;0;0;0;0;0;1;0;0;0;0;0;0;0;0;0;0;0;0;0;0;0;0;0;0;0;0;0;0;0;0;0;0;0;0;0;0;0;0;0;0;0;0;0;0;0;0;0;0;0;0;0;0;0;0;0;0;0;0;0;0;0;0;0;0;0;0;0;0;0;0;0;0;0;0;0;0;0;0;0;0;0;0;0;0;"Eukaryota";"TSAR";"Stramenopiles";"Gyrista";"Chrysophyceae";"Paraphysomonadales";"Paraphysomonadaceae";"Paraphysomonas";NA;NA;NA;NA;NA
"Otu621";0;6;0;4;0;0;5;4;2;9;0;2;2;1;0;7;0;0;0;0;9;5;0;0;5;0;2;3;0;3;0;1;5;5;0;0;0;4;0;0;0;0;0;0;0;1;0;0;0;1;1;0;0;0;0;0;0;0;0;0;0;0;0;0;0;0;0;0;0;0;0;0;0;0;0;0;0;0;0;0;0;0;0;0;0;0;0;0;0;0;0;0;0;0;0;0;0;"Eukaryota";"TSAR";"Stramenopiles";"Gyrista";"Chrysophyceae";"Ochromonadales";"Ochromonadaceae";"Poterioochromonas";"Poterioochromonas_sp.";NA;NA;NA;NA
"Otu1476";0;1;0;1;0;0;0;0;0;0;0;0;0;0;0;0;0;0;0;0;0;0;0;0;0;0;0;0;0;0;0;0;0;0;0;0;0;0;0;0;0;0;0;0;0;0;0;0;0;0;0;0;0;0;0;0;0;0;0;0;0;0;0;0;0;0;0;0;0;0;0;0;0;0;0;0;0;0;0;0;0;0;0;0;0;0;0;0;0;0;0;0;0;0;0;0;0;"Eukaryota";"TSAR";"Stramenopiles";"Gyrista";"Chrysophyceae";NA;NA;NA;NA;NA;NA;NA;NA
"Otu985";0;0;0;0;0;0;0;0;0;0;1;0;0;1;0;0;0;0;0;0;0;0;0;0;0;0;0;2;0;0;0;0;0;0;0;0;0;0;0;0;0;0;0;0;0;0;0;0;0;0;0;0;0;0;0;0;0;0;0;0;0;0;0;0;0;0;0;0;0;0;0;0;0;0;0;0;0;0;0;0;0;0;0;1;1;0;0;0;0;0;0;1;0;0;0;0;0;"Eukaryota";"TSAR";"Stramenopiles";"Gyrista";"Bacillariophyceae";"Naviculales";"Pinnulariaceae";"Pinnularia";NA;NA;NA;NA;NA
"Otu127";0;0;1;3;0;0;0;3;0;1;1;0;0;3;1;0;0;0;1;4;7;2;1;2;0;19;0;0;0;2;7;2;1;5;0;2;2;10;1;2;16;3;1;2;0;0;1;18;49;3;9;42;34;5;31;0;0;0;0;0;0;0;0;0;0;0;0;0;0;0;0;0;0;0;0;0;0;0;0;0;0;0;0;0;0;0;0;0;0;0;0;0;1;0;0;0;0;"Eukaryota";"TSAR";"Stramenopiles";"Gyrista";"Chrysophyceae";NA;NA;NA;NA;NA;NA;NA;NA
"Otu1534";0;0;0;0;0;0;0;0;0;0;0;0;0;0;0;0;0;0;0;0;0;0;0;0;0;0;0;0;0;0;0;0;0;0;0;0;0;0;0;0;0;0;0;0;0;0;0;0;0;0;0;0;0;0;0;0;0;0;0;0;0;0;0;0;0;0;0;0;0;0;0;0;0;0;0;0;0;0;0;0;0;1;0;0;0;0;0;0;0;0;0;0;0;0;0;0;0;"Eukaryota";"TSAR";"Stramenopiles";"Gyrista";NA;NA;NA;NA;NA;NA;NA;NA;NA
"Otu1539";0;0;0;0;0;0;0;0;0;0;0;0;0;0;0;0;0;0;0;0;0;0;0;0;0;0;0;0;0;0;0;0;0;0;0;0;0;0;0;0;0;0;0;0;0;0;0;0;0;0;0;0;0;0;0;0;0;0;0;0;0;0;0;0;0;0;0;0;0;0;0;0;0;0;0;0;0;0;0;0;0;0;0;0;0;0;0;0;0;0;0;0;0;0;0;0;0;"Eukaryota";"TSAR";"Stramenopiles";"Gyrista";"Bacillariophyceae";"Naviculales";"Stauroneidaceae";NA;NA;NA;NA;NA;NA
"Otu1624";0;0;0;0;0;0;0;0;0;0;0;0;0;0;0;0;0;0;0;0;0;0;0;0;0;0;0;0;0;0;0;0;0;0;0;0;0;0;0;0;0;0;0;0;0;0;0;0;0;0;0;0;0;0;0;0;0;0;0;0;0;0;0;0;0;0;0;0;0;0;0;0;0;0;0;0;0;0;0;0;0;0;0;0;0;0;0;0;0;0;0;0;0;0;0;0;0;"Eukaryota";"TSAR";"Stramenopiles";"Gyrista";"Peronosporomycetes";"Peronosporomycetes_X";"Saprolegniales";NA;NA;NA;NA;NA;NA
"Otu1865";0;0;0;0;0;0;0;0;0;0;0;0;0;0;0;0;0;0;0;0;0;0;0;0;0;0;0;0;0;0;0;0;0;0;0;0;0;0;0;0;0;0;0;0;0;0;0;0;0;0;0;0;0;0;0;0;0;0;0;0;0;0;0;0;0;0;0;0;0;0;0;0;0;0;0;0;0;0;0;0;0;0;0;0;0;0;0;0;0;0;3;0;0;1;0;0;0;"Eukaryota";"TSAR";"Stramenopiles";"Gyrista";"Chrysophyceae";"Ochromonadales";"Ochromonadales_clade-XI";"Ochromonadales_clade-XI_X";"Ochromonadales_clade-XI_X_sp.";NA;NA;NA;NA
"Otu1831";0;0;0;0;0;0;1;0;0;0;0;0;0;0;0;0;0;0;0;0;0;0;0;0;0;0;0;0;0;0;0;0;0;1;0;0;0;0;0;0;0;0;0;0;3;0;0;0;0;0;0;0;0;0;0;0;0;0;0;0;0;0;0;0;0;0;0;0;0;0;0;0;0;0;0;0;0;0;0;0;0;0;0;0;0;0;0;0;0;0;0;0;0;0;0;0;0;"Eukaryota";"TSAR";"Stramenopiles";"Gyrista";"Peronosporomycetes";"Peronosporomycetes_X";"Peronosporomycetes_XX";"Peronosporomycetes_XXX";"Peronosporomycetes_XXX_sp.";NA;NA;NA;NA
"Otu1023";0;0;0;0;0;0;0;0;0;1;0;0;0;0;0;0;0;0;0;0;1;0;4;0;4;0;2;1;0;0;0;0;1;0;1;0;0;0;0;0;0;0;0;0;0;0;0;0;0;0;0;0;0;0;0;0;0;0;0;0;0;0;0;0;0;0;0;0;0;0;0;0;0;0;0;0;0;0;0;0;0;0;0;0;0;0;0;0;0;0;0;0;0;0;0;0;0;"Eukaryota";"TSAR";"Stramenopiles";"Gyrista";"Peronosporomycetes";"Peronosporomycetes_X";"Peronosporomycetes_XX";"Peronosporomycetes_XXX";"Peronosporomycetes_XXX_sp.";NA;NA;NA;NA
"Otu872";0;0;0;0;0;0;0;0;0;1;1;0;0;0;0;0;0;0;0;0;0;0;0;2;0;0;0;0;0;0;0;4;0;0;0;0;0;0;0;5;0;0;4;0;0;0;0;0;0;0;0;0;0;0;0;0;0;0;0;0;0;0;0;0;0;0;0;0;0;0;0;0;0;0;0;0;0;0;0;0;0;0;0;0;0;0;0;0;0;0;0;0;0;0;0;0;0;"Eukaryota";"TSAR";"Stramenopiles";"Gyrista";"Chrysophyceae";"Ochromonadales";"Ochromonadales_clade-XII";"Ochromonadales_clade-XII_X";"Ochromonadales_clade-XII_X_sp.";NA;NA;NA;NA
"Otu1581";0;0;0;0;0;0;0;0;0;0;0;0;0;0;0;0;0;1;0;0;0;0;0;0;0;0;0;0;0;0;0;0;0;0;0;0;0;0;0;0;0;0;0;0;0;0;0;0;0;0;0;0;0;0;0;0;0;0;0;0;0;0;0;0;0;0;0;0;0;0;0;0;0;0;0;0;0;0;0;0;0;0;0;0;0;0;0;0;0;0;0;0;0;0;0;0;0;"Eukaryota";"TSAR";"Stramenopiles";"Gyrista";"Chrysophyceae";"Ochromonadales";NA;NA;NA;NA;NA;NA;NA
"Otu1866";0;0;0;0;0;0;0;0;0;0;0;0;0;0;0;0;0;0;0;0;0;0;0;0;0;0;0;0;0;0;0;0;0;0;0;0;0;0;0;0;0;0;0;0;0;0;0;0;0;0;0;0;0;0;0;0;0;0;0;0;0;0;0;0;0;0;0;0;0;0;0;0;0;0;0;0;0;0;0;0;0;0;0;0;0;0;0;0;0;0;0;0;0;0;0;0;0;"Eukaryota";"TSAR";"Stramenopiles";"Gyrista";"Chrysophyceae";"Ochromonadales";NA;NA;NA;NA;NA;NA;NA
"Otu1695";0;0;0;0;0;0;0;0;0;0;0;0;0;0;0;0;0;0;0;0;0;0;0;0;0;0;0;0;0;0;0;0;3;0;0;0;0;0;0;0;0;0;0;0;0;0;0;0;0;0;0;0;0;0;0;0;0;0;0;0;0;0;0;0;0;0;0;0;0;0;0;0;0;0;0;0;0;0;0;0;0;0;0;0;0;0;0;0;0;0;0;0;0;0;0;0;0;"Eukaryota";"TSAR";"Stramenopiles";"Gyrista";"Chrysophyceae";"Chrysophyceae_X";"Chrysophyceae_XX";"Chrysophyceae_XXX";"Chrysophyceae_XXX_sp.";NA;NA;NA;NA
"Otu1660";0;0;0;0;0;0;0;0;0;0;0;0;0;0;0;0;0;0;0;0;0;0;0;0;0;0;0;0;0;0;0;0;0;11;0;0;0;0;0;0;0;0;0;0;0;0;0;0;0;0;0;0;0;0;0;0;0;0;0;0;0;0;0;0;0;0;0;0;0;0;0;0;0;0;0;0;0;0;0;0;0;0;0;0;0;0;0;0;0;0;0;0;0;0;0;0;0;"Eukaryota";"TSAR";"Stramenopiles";"Gyrista";"Peronosporomycetes";"Peronosporomycetes_X";"Peronosporales";"Pythium";NA;NA;NA;NA;NA
