"";"HF100";"HF101";"HF102";"HF103";"HF104";"HF105";"HF106";"HF107";"HF108";"HF109";"HF110";"HF112";"HF113";"HF114";"HF115";"HF116";"HF117";"HF119";"HF120";"HF124";"HF125";"HF126";"HF127";"HF129";"HF130";"HF131";"HF132";"HF133";"HF134";"HF135";"HF136";"HF137";"HF138";"HF139";"HF140";"HF142";"HF143";"HF144";"HF149";"HF151";"HF152";"HF153";"HF154";"HF156";"HF158";"HF159";"HF160";"HF161";"HF162";"HF163";"HF164";"HF169";"HF171";"HF172";"HF173";"HF178";"HF41";"HF46";"HF47";"HF50";"HF51";"HF52";"HF53";"HF54";"HF55";"HF56";"HF57";"HF58";"HF59";"HF60";"HF61";"HF62";"HF63";"HF64";"HF65";"HF66";"HF68";"HF71";"HF72";"HF73";"HF74";"HF75";"HF76";"HF77";"HF79";"HF80";"HF81";"HF82";"HF83";"HF84";"HF85";"HF90";"HF91";"HF92";"HF93";"HF94";"HF95";"HF96";"Domain";"Supergroup";"Division";"Subdivision";"Class";"Order";"Family";"Genus";"Species";"nutrition";"morphology";"locomotion";"habitat"
"Otu59";0;0;0;0;0;0;0;1;0;0;0;0;0;0;0;0;0;0;0;4;2;0;20;0;0;0;0;7;0;0;2;11;0;0;0;0;0;4;2;0;0;0;0;0;4;2;0;0;0;0;0;0;0;0;0;0;0;0;0;0;0;0;0;0;0;0;0;0;0;0;0;0;0;0;0;0;0;0;0;0;0;0;0;0;0;0;0;0;0;0;0;0;0;0;0;0;0;0;"Eukaryota";"TSAR";"Rhizaria";"Cercozoa";"Filosa-Sarcomonadea";"Glissomonadida";"Allapsidae";"Group-Te";"Group_Te_sp.";NA;NA;NA;NA
"Otu1";21;66;68;71;120;77;121;145;96;135;140;132;61;158;37;125;88;116;72;104;135;156;133;104;143;110;140;112;93;129;129;108;142;92;135;118;133;137;130;132;118;152;171;154;146;145;166;154;121;137;127;136;135;112;122;142;115;89;40;114;130;84;109;115;39;162;123;109;45;122;107;114;105;74;150;116;161;70;90;81;95;70;69;51;53;73;85;103;99;103;118;85;126;62;13;77;96;59;"Eukaryota";"TSAR";"Rhizaria";"Cercozoa";"Filosa-Sarcomonadea";"Glissomonadida";"Allapsidae";"Group-Te";"Group_Te_sp.";NA;NA;NA;NA
"Otu20";0;0;0;0;0;0;0;0;0;0;0;0;0;0;0;0;0;1;0;0;0;0;7;0;0;1;2;0;0;31;0;0;2;0;0;1;12;0;0;0;0;10;0;1;3;0;0;7;0;1;10;8;7;10;6;3;0;0;0;0;0;0;0;0;0;0;0;0;0;0;0;0;0;0;0;0;0;0;0;0;0;0;0;0;0;0;0;0;0;0;0;0;0;0;0;0;0;1;"Eukaryota";"TSAR";"Rhizaria";"Cercozoa";"Filosa-Sarcomonadea";"Glissomonadida";"Sandonidae";"Sandonidae_X";"Sandonidae_X_sp.";"bacterivore";"naked_flagellate";"gliding";"soil_and_freshwater"
"Otu208";1;2;3;7;2;0;1;10;5;3;2;9;1;2;1;0;4;3;0;1;2;0;1;12;1;1;3;0;0;9;1;1;3;0;0;0;0;0;0;0;0;0;0;0;0;0;0;0;0;0;0;0;0;0;0;0;0;2;4;4;8;5;2;4;0;2;0;2;0;2;2;0;0;2;3;0;8;0;2;0;2;1;10;0;3;0;4;5;1;9;1;7;10;1;0;0;2;2;"Eukaryota";"TSAR";"Rhizaria";"Cercozoa";"Filosa-Sarcomonadea";"Glissomonadida";"Allapsidae";"Group-Te";"Group_Te_sp.";NA;NA;NA;NA
"Otu163";0;0;0;0;0;0;0;0;0;0;0;0;0;0;0;0;0;0;0;0;0;0;3;0;0;0;0;0;0;0;0;0;0;0;0;0;0;0;0;0;0;0;0;0;0;0;0;0;0;0;0;0;0;0;0;0;0;0;0;0;0;0;0;0;0;0;0;0;0;0;0;0;0;0;0;0;0;0;0;0;0;0;0;0;0;0;0;0;0;0;0;0;0;0;0;0;0;0;"Eukaryota";"TSAR";"Rhizaria";"Cercozoa";"Filosa-Sarcomonadea";"Glissomonadida";"Allapsidae";"Group-Te";"Group_Te_sp.";NA;NA;NA;NA
"Otu5";0;8;0;2;0;2;0;0;0;0;0;0;0;0;1;0;2;2;0;0;0;0;4;0;0;4;11;0;7;5;4;6;0;16;0;40;3;1;10;0;4;9;0;4;15;7;1;19;47;15;39;35;19;45;30;19;0;0;2;0;1;3;3;0;1;1;0;5;0;1;0;1;0;0;4;0;0;2;5;1;3;0;0;0;0;0;7;3;2;2;1;0;0;0;2;0;0;12;"Eukaryota";"TSAR";"Rhizaria";"Cercozoa";"Filosa-Sarcomonadea";"Glissomonadida";"Glissomonadida_X";"Glissomonadida_XX";"Glissomonadida_XX_sp.";NA;NA;NA;"soil_and_freshwater"
"Otu30";0;0;0;0;0;0;0;3;0;0;0;0;0;0;0;0;0;0;0;3;1;0;8;0;0;0;2;0;4;0;0;1;0;0;0;0;0;0;5;0;0;0;0;0;0;4;0;0;0;0;0;0;0;0;9;0;0;0;0;0;0;0;0;0;0;0;0;0;0;0;0;0;0;0;0;0;0;0;0;0;0;0;0;0;0;0;0;0;0;0;0;0;0;0;0;0;0;0;"Eukaryota";"TSAR";"Rhizaria";"Cercozoa";"Filosa-Sarcomonadea";"Glissomonadida";"Allapsidae";"Allantion";"Allantion_sp.";"bacterivore";"naked_flagellate";"gliding";"soil_and_freshwater"
"Otu15";2;5;1;0;0;8;0;2;1;0;0;5;0;0;4;2;0;1;0;0;9;0;0;35;7;18;0;13;6;0;9;8;0;4;0;2;0;21;13;1;21;0;1;2;0;4;0;0;0;0;0;0;0;0;0;0;0;0;0;0;0;0;0;1;1;1;0;0;0;0;2;1;4;0;1;0;1;0;0;4;0;4;2;0;0;0;0;1;0;8;0;1;0;0;0;1;1;12;"Eukaryota";"TSAR";"Rhizaria";"Cercozoa";"Filosa-Sarcomonadea";"Glissomonadida";"Allapsidae";"Allapsidae_X";"Allapsidae_X_sp.";"bacterivore";"naked_flagellate";"gliding";"soil_and_freshwater"
"Otu111";0;3;7;0;0;0;1;0;0;1;0;0;6;9;6;7;3;14;10;4;0;0;1;0;3;5;0;12;0;0;0;4;7;0;0;0;0;0;0;0;0;0;0;0;0;0;0;0;0;0;0;0;0;0;0;0;0;0;0;0;0;2;0;0;1;0;12;0;0;1;5;4;2;4;0;1;0;0;4;0;6;1;0;1;0;1;2;0;13;5;8;1;0;0;0;0;4;27;"Eukaryota";"TSAR";"Rhizaria";"Cercozoa";"Filosa-Sarcomonadea";"Glissomonadida";"Allapsidae";"Group-Te";"Group_Te_sp.";NA;NA;NA;NA
"Otu25";0;0;0;0;0;7;4;4;1;4;2;0;9;0;1;0;0;1;0;4;1;1;1;2;0;6;1;0;0;1;2;4;0;0;0;0;20;0;0;0;0;0;0;8;0;0;0;0;11;0;0;0;0;0;0;0;28;46;113;52;12;38;26;7;0;9;10;12;4;19;0;1;2;1;1;0;2;0;0;0;0;4;8;0;0;0;1;1;0;0;0;0;0;0;0;0;0;0;"Eukaryota";"TSAR";"Rhizaria";"Cercozoa";"Filosa-Sarcomonadea";"Glissomonadida";"Allapsidae";"Group-Te";"Group_Te_sp.";NA;NA;NA;NA
"Otu41";0;0;0;0;0;0;0;1;0;0;0;0;0;0;0;0;0;0;0;0;0;0;1;0;0;0;0;0;0;0;0;0;0;0;0;0;0;0;0;0;0;0;0;0;0;0;0;0;0;0;0;0;0;0;0;0;0;0;0;0;0;0;9;0;0;0;1;0;0;0;2;3;0;0;1;1;0;0;1;0;0;0;0;1;1;7;0;0;0;0;0;0;0;0;0;0;0;0;"Eukaryota";"TSAR";"Rhizaria";"Cercozoa";"Filosa-Imbricatea";"Euglyphida";"Euglyphidae";"Tracheleuglypha";"Tracheleuglypha_dentata";"omnivore";"testate_cell_silica";"gliding";"soil_and_freshwater"
"Otu109";0;0;0;0;0;0;0;0;0;0;0;0;0;0;0;0;0;0;0;0;3;0;1;0;0;0;0;0;0;0;0;1;2;9;0;0;0;0;0;0;0;0;0;0;0;0;0;0;0;0;0;0;0;0;0;0;0;0;0;0;0;0;0;0;0;0;0;0;0;0;0;0;0;0;0;0;0;0;0;0;0;0;0;0;0;0;0;0;0;0;0;0;0;0;0;0;0;0;"Eukaryota";"TSAR";"Rhizaria";"Cercozoa";"Filosa-Sarcomonadea";"Glissomonadida";"Sandonidae";"Sandona";"Sandona_sp.";"bacterivore";"naked_flagellate";"gliding";"soil_and_freshwater"
"Otu224";1;0;0;0;0;0;0;0;0;0;0;1;0;0;3;0;1;0;0;0;0;0;0;2;0;0;0;0;0;0;0;0;0;0;0;0;0;0;0;0;0;0;0;0;0;0;0;0;0;0;0;0;0;0;0;0;0;0;0;0;3;0;0;3;2;0;0;1;0;2;2;5;4;4;2;6;1;1;2;1;11;2;0;1;1;2;13;4;8;4;6;1;1;1;0;4;12;5;"Eukaryota";"TSAR";"Rhizaria";"Cercozoa";"Filosa-Sarcomonadea";"Glissomonadida";"Allapsidae";"Group-Te";"Group_Te_sp.";NA;NA;NA;NA
"Otu11";0;0;0;2;0;4;11;0;0;0;8;20;0;0;35;0;1;1;4;0;5;14;0;11;0;1;0;0;18;0;0;9;0;1;0;0;0;0;0;0;0;0;0;0;0;0;0;0;0;0;0;0;0;0;0;0;0;0;0;0;0;0;0;0;0;0;8;0;0;0;12;0;0;0;0;0;1;4;0;0;0;0;0;0;2;0;0;0;8;3;0;0;0;0;0;5;2;0;"Eukaryota";"TSAR";"Rhizaria";"Cercozoa";"Endomyxa-Phytomyxea";"Plasmodiophorida";"Polymyxa-lineage";"Polymyxa";"Polymyxa_graminis";"plant_parasite";"endoparasite";"non_motile";"soil_and_freshwater"
"Otu77";0;0;0;0;0;0;0;0;0;0;0;0;0;0;0;0;0;0;0;0;0;0;0;2;0;0;0;0;0;0;0;0;0;0;0;0;0;0;0;0;0;0;0;0;0;0;0;0;0;0;0;0;0;0;0;0;0;0;3;0;0;0;0;0;0;0;0;0;1;1;0;0;0;0;0;0;0;0;0;0;0;0;1;0;0;0;5;0;0;0;0;0;0;0;0;0;0;0;"Eukaryota";"TSAR";"Rhizaria";"Cercozoa";"Filosa-Thecofilosea";"Tectofilosida";"Tectofilosida_X";"Fisculla";NA;"eukaryvore";"testate_cell_organic";"gliding";"soil_and_freshwater"
"Otu2";132;16;22;32;18;57;4;5;71;20;15;7;63;0;1;16;7;16;94;45;1;1;0;4;0;0;0;0;33;1;0;6;2;0;0;0;0;0;0;0;0;0;0;0;0;0;0;0;0;0;0;0;0;0;0;0;11;0;0;3;0;12;0;18;0;0;0;0;3;3;13;0;22;0;5;0;0;0;0;1;9;2;6;4;93;3;0;0;2;10;4;15;1;28;18;40;5;17;"Eukaryota";"TSAR";"Rhizaria";"Cercozoa";"Endomyxa-Phytomyxea";"Plasmodiophorida";"Plasmodiophorida_X";NA;NA;NA;NA;NA;NA
"Otu14";0;0;0;0;0;0;0;0;0;0;5;0;0;0;0;0;0;0;0;0;0;0;0;0;0;1;8;0;6;1;0;4;3;14;0;0;3;5;7;17;28;4;1;4;0;0;13;0;0;13;0;0;19;9;10;12;0;0;0;0;0;0;0;0;0;0;0;0;0;0;0;0;0;0;0;0;0;0;0;0;0;0;0;0;0;0;0;0;0;0;0;0;0;0;0;0;0;0;"Eukaryota";"TSAR";"Rhizaria";"Cercozoa";"Filosa-Sarcomonadea";"Glissomonadida";"Allapsidae";"Allantion";"Allantion_sp.";"bacterivore";"naked_flagellate";"gliding";"soil_and_freshwater"
"Otu74";1;0;0;0;0;1;0;0;0;0;0;0;0;0;0;0;0;0;0;0;0;0;0;2;0;0;0;0;0;0;0;0;0;0;0;0;0;0;0;0;0;0;0;0;0;0;0;0;0;0;0;0;0;0;0;0;2;0;0;0;0;0;0;2;0;0;7;0;0;0;0;1;2;0;0;0;0;0;6;0;0;2;1;0;0;0;0;2;0;2;1;0;0;0;1;0;0;0;"Eukaryota";"TSAR";"Rhizaria";"Cercozoa";"Filosa-Sarcomonadea";"Glissomonadida";"Allapsidae";"Allapsidae_X";"Allapsidae_X_sp.";"bacterivore";"naked_flagellate";"gliding";"soil_and_freshwater"
"Otu3";6;0;1;22;0;0;18;1;0;1;0;1;1;1;18;1;2;0;0;0;0;1;0;2;0;4;1;0;0;0;3;1;0;2;20;0;0;0;0;0;0;0;0;0;0;2;0;0;0;0;3;0;0;0;0;2;5;0;9;0;9;0;16;9;5;0;0;0;1;0;19;14;3;8;4;8;0;13;1;24;4;84;71;110;0;77;5;36;6;0;17;3;0;0;0;3;26;15;"Eukaryota";"TSAR";"Rhizaria";"Cercozoa";"Endomyxa-Phytomyxea";"Plasmodiophorida";"Polymyxa-lineage";"Polymyxa";NA;"plant_parasite";"endoparasite";"non_motile";"soil_and_freshwater"
"Otu49";0;0;0;0;0;2;0;0;2;0;0;0;1;1;2;0;0;0;0;2;0;0;0;2;2;0;1;0;3;0;0;0;0;0;0;0;0;0;0;0;0;0;0;0;0;0;0;0;0;0;0;0;0;0;0;0;0;0;0;0;0;0;0;0;0;0;0;0;0;0;0;0;0;0;0;0;0;0;0;0;1;0;0;0;1;0;1;0;0;0;0;0;0;0;0;0;0;0;"Eukaryota";"TSAR";"Rhizaria";"Cercozoa";"Filosa-Sarcomonadea";"Glissomonadida";"Allapsidae";"Allapsidae_X";"Allapsidae_X_sp.";"bacterivore";"naked_flagellate";"gliding";"soil_and_freshwater"
"Otu47";1;0;0;22;1;0;0;3;0;5;0;0;0;0;0;3;1;0;0;0;1;0;0;0;0;0;3;4;0;0;0;0;6;0;3;0;0;0;0;0;0;0;0;0;0;0;0;0;0;0;0;0;0;0;0;0;0;0;0;0;0;0;0;0;0;0;0;0;0;0;0;0;0;0;0;0;0;0;0;0;0;0;0;0;0;0;0;0;0;0;0;0;1;0;0;0;0;0;"Eukaryota";"TSAR";"Rhizaria";"Cercozoa";"Filosa-Sarcomonadea";"Glissomonadida";"Allapsidae";"Allapsidae_X";"Allapsidae_X_sp.";"bacterivore";"naked_flagellate";"gliding";"soil_and_freshwater"
"Otu44";0;17;0;0;0;0;0;0;0;5;0;0;0;0;0;0;0;0;0;0;5;0;0;1;0;5;0;0;0;0;0;9;0;0;0;0;0;0;0;0;0;0;0;0;0;0;0;0;0;0;0;0;0;0;0;0;0;0;2;0;0;0;0;0;0;0;0;0;0;2;0;1;0;0;0;0;2;0;0;0;0;0;0;0;0;0;0;0;0;2;0;0;0;0;0;0;7;0;"Eukaryota";"TSAR";"Rhizaria";"Cercozoa";"Filosa-Thecofilosea";"Tectofilosida";"Tectofilosida_X";"Fisculla";NA;"eukaryvore";"testate_cell_organic";"gliding";"soil_and_freshwater"
"Otu42";0;0;0;0;0;0;0;0;0;0;0;0;0;0;0;0;0;0;0;0;1;0;0;1;7;0;0;0;0;1;0;0;0;41;6;0;0;0;13;0;3;0;0;0;0;9;0;0;0;0;0;0;0;0;0;0;0;0;0;0;0;0;0;0;0;0;0;0;0;0;0;0;0;0;0;0;0;0;0;0;0;0;0;0;0;0;0;0;0;0;0;0;0;0;0;0;0;0;"Eukaryota";"TSAR";"Rhizaria";"Cercozoa";"Filosa-Sarcomonadea";"Cercomonadida";"Paracercomonadidae";"Paracercomonas";"Paracercomonas_sp.";"bacterivore";"naked_amoeboflagellate";"gliding";"soil_and_freshwater"
"Otu24";1;12;7;2;13;1;2;1;0;2;2;0;2;2;13;5;2;3;0;0;7;0;0;0;1;0;1;15;2;0;1;1;3;0;1;0;0;6;0;16;0;0;1;0;0;0;0;0;0;0;0;0;0;0;0;0;3;21;0;0;10;5;5;3;4;0;0;0;2;4;4;4;6;2;3;3;0;5;0;5;1;0;2;0;0;0;6;14;19;2;2;3;1;0;2;18;4;11;"Eukaryota";"TSAR";"Rhizaria";"Cercozoa";"Filosa-Sarcomonadea";"Cercomonadida";"Paracercomonadidae";"Paracercomonas";NA;"bacterivore";"naked_amoeboflagellate";"gliding";"soil_and_freshwater"
"Otu99";0;0;0;0;0;0;0;0;0;0;0;0;0;0;0;0;0;0;0;0;0;0;0;0;11;0;0;0;0;0;0;0;0;1;0;0;0;0;0;0;0;0;0;0;0;0;0;0;0;0;0;0;0;0;0;0;0;0;0;0;0;0;0;0;0;0;0;0;0;0;0;0;0;0;0;0;0;0;0;0;0;0;0;0;0;0;0;0;0;0;0;0;0;0;0;0;0;0;"Eukaryota";"TSAR";"Rhizaria";"Cercozoa";"Endomyxa";"Vampyrellida";"Leptophryidae";NA;NA;NA;NA;NA;NA
"Otu23";0;0;0;0;0;0;0;0;0;0;0;0;0;0;0;0;0;0;0;0;0;1;0;0;3;0;0;0;0;0;0;0;0;0;0;0;0;6;0;0;0;3;1;5;6;0;0;0;0;0;0;0;0;0;0;0;0;0;0;0;0;0;0;0;0;0;0;0;0;0;0;0;0;0;0;0;0;0;0;0;0;0;0;0;0;0;0;0;0;0;0;0;0;0;0;0;0;0;"Eukaryota";"TSAR";"Rhizaria";"Cercozoa";"Filosa-Granofilosea";"Limnofilida";"Limnofilidae";"Limnofilidae_X";"Limnofilidae_X_sp.";"bacterivore";"naked_amoeboflagellate";"gliding";"soil_and_freshwater"
"Otu61";0;0;0;0;0;0;0;0;0;0;0;0;0;0;0;0;0;0;0;0;0;0;0;0;2;12;0;0;0;0;0;0;2;0;0;0;0;0;0;0;0;0;0;1;0;5;0;0;0;0;0;0;0;0;0;0;0;0;0;0;0;0;0;0;0;0;0;0;0;0;0;0;0;0;0;0;0;0;0;0;0;0;0;0;0;0;0;0;0;0;0;0;0;0;0;0;0;0;"Eukaryota";"TSAR";"Rhizaria";"Cercozoa";"Filosa-Sarcomonadea";"Glissomonadida";"Allapsidae";"Allantion";"Allantion_sp.";"bacterivore";"naked_flagellate";"gliding";"soil_and_freshwater"
"Otu175";0;0;0;0;5;4;0;0;0;0;0;0;0;0;0;0;0;7;0;0;1;0;0;0;0;11;3;1;0;1;17;1;2;0;6;0;9;0;0;0;3;2;0;0;0;0;0;0;0;0;0;0;0;0;0;0;0;0;0;0;0;0;0;0;0;0;0;0;0;0;0;0;0;0;0;0;0;0;0;0;0;0;0;0;0;0;0;0;0;0;0;0;0;0;0;0;0;0;"Eukaryota";"TSAR";"Rhizaria";"Cercozoa";"Filosa-Sarcomonadea";"Glissomonadida";NA;NA;NA;NA;NA;NA;NA
"Otu105";0;0;0;2;3;0;1;1;0;1;0;1;1;0;0;1;1;0;0;0;1;0;0;0;0;1;0;0;0;0;0;0;0;0;0;0;0;0;0;0;0;0;0;0;0;0;0;0;0;0;0;0;0;0;0;0;0;0;0;0;0;0;0;0;0;0;0;0;0;0;0;0;0;0;0;0;0;0;0;0;0;0;0;0;0;0;0;1;0;0;0;0;0;2;0;0;0;0;"Eukaryota";"TSAR";"Rhizaria";"Cercozoa";"Filosa-Sarcomonadea";"Glissomonadida";"Allapsidae";"Allapsidae_X";"Allapsidae_X_sp.";"bacterivore";"naked_flagellate";"gliding";"soil_and_freshwater"
"Otu96";0;7;0;0;0;0;0;0;0;0;0;0;0;0;0;0;0;0;0;0;0;0;0;0;0;0;3;0;0;0;0;0;0;0;0;0;0;0;0;0;0;0;0;0;0;0;0;0;0;0;0;0;0;0;0;0;0;0;0;0;0;0;0;0;0;0;0;0;0;0;0;0;0;0;0;0;0;0;0;0;0;0;0;0;0;0;0;0;0;0;0;0;0;0;0;0;0;0;"Eukaryota";"TSAR";"Rhizaria";"Cercozoa";"Filosa-Sarcomonadea";"Cercomonadida";"Cercomonadidae";"Cercomonas";"Cercomonas_sp.";"omnivore";"naked_amoeboflagellate";"gliding";"soil_and_freshwater"
"Otu125";1;9;2;4;7;3;4;0;2;0;0;0;3;2;11;5;0;2;0;13;1;0;0;0;0;0;1;7;5;0;9;0;0;0;0;0;0;0;0;0;0;0;0;0;0;0;0;0;0;0;0;0;0;0;0;0;0;0;0;4;0;1;5;7;0;0;0;0;2;0;1;0;2;1;0;0;2;0;0;0;3;0;2;0;4;1;5;0;0;0;4;5;0;0;1;3;0;0;"Eukaryota";"TSAR";"Rhizaria";"Cercozoa";"Filosa-Sarcomonadea";"Cercomonadida";"Paracercomonadidae";"Paracercomonas";NA;"bacterivore";"naked_amoeboflagellate";"gliding";"soil_and_freshwater"
"Otu195";0;0;0;0;0;0;0;0;0;0;0;0;0;0;0;0;0;0;0;0;0;0;0;0;0;0;0;0;0;0;0;0;0;0;0;0;0;0;0;0;0;0;0;0;0;0;0;0;0;0;0;0;0;0;0;0;0;0;0;0;0;0;0;0;0;0;0;0;0;0;0;0;0;0;0;0;0;0;0;0;0;0;0;0;0;0;0;0;0;0;0;0;0;0;0;0;0;0;"Eukaryota";"TSAR";"Rhizaria";"Cercozoa";"Filosa-Sarcomonadea";"Glissomonadida";"Allapsidae";"Group-Te";"Group_Te_sp.";NA;NA;NA;NA
"Otu28";0;0;0;3;0;0;0;0;0;0;0;0;0;0;0;0;0;4;0;0;0;0;0;0;0;0;0;2;0;0;0;0;0;0;0;17;0;0;0;4;0;0;2;1;0;0;0;0;0;14;0;0;0;1;3;2;0;0;0;0;0;5;0;0;0;0;0;0;0;1;0;0;0;0;0;0;0;0;0;2;1;0;0;0;0;1;0;2;0;0;1;0;0;0;0;0;2;14;"Eukaryota";"TSAR";"Rhizaria";"Cercozoa";"Filosa-Sarcomonadea";"Glissomonadida";"Allapsidae";"Allantion";"Allantion_sp.";"bacterivore";"naked_flagellate";"gliding";"soil_and_freshwater"
"Otu108";1;0;0;0;0;0;0;0;0;0;0;0;0;0;0;0;0;0;0;0;0;0;0;0;0;0;0;2;0;0;0;0;0;0;0;0;0;0;0;0;0;0;0;0;0;0;0;0;0;0;0;0;0;0;0;0;0;0;0;0;0;0;0;0;0;0;0;0;0;0;0;0;0;0;0;1;0;0;1;0;0;0;0;0;0;0;0;0;1;0;0;0;1;0;0;0;0;0;"Eukaryota";"TSAR";"Rhizaria";"Cercozoa";"Filosa-Granofilosea";"Filosa-Granofilosea_X";"Novel-Gran-234";"Novel-Gran-234_X";"Novel-Gran-234_X_sp.";NA;NA;NA;NA
"Otu141";0;0;0;0;0;0;0;0;0;0;0;0;0;0;0;0;0;0;0;0;0;0;0;0;0;0;0;5;0;0;0;0;0;0;0;0;0;0;0;0;0;0;0;0;0;0;0;0;0;0;0;0;0;0;0;0;0;0;0;0;0;0;0;0;0;0;0;0;0;0;0;0;0;0;0;0;0;0;0;0;0;0;0;0;0;0;0;0;0;0;0;0;0;0;0;0;0;0;"Eukaryota";"TSAR";"Rhizaria";"Cercozoa";"Filosa-Imbricatea";"Thaumatomonadida";"Thaumatomonadidae";"Thaumatomonas";"Thaumatomonas_sp.";"bacterivore";"testate_cell_silica";"gliding";"soil_and_freshwater"
"Otu36";0;0;0;0;0;0;0;0;0;0;0;0;0;0;0;0;6;0;0;0;0;0;0;0;0;0;0;0;3;0;0;0;0;0;0;0;0;0;0;0;0;0;0;0;0;0;0;0;0;0;0;0;0;0;0;0;1;0;0;1;0;3;2;0;1;0;2;3;0;15;0;2;0;3;1;0;0;0;0;3;2;1;3;0;0;8;2;1;2;0;1;2;0;0;3;3;0;0;"Eukaryota";"TSAR";"Rhizaria";"Cercozoa";"Filosa-Sarcomonadea";"Glissomonadida";"Sandonidae";NA;NA;NA;NA;NA;NA
"Otu145";0;0;0;0;0;0;0;0;0;0;0;0;0;0;0;0;0;0;0;0;0;0;0;0;0;0;0;0;0;1;0;0;0;0;1;0;0;0;0;0;0;0;0;0;0;0;0;0;1;0;1;0;0;0;0;0;0;0;0;0;0;0;0;0;0;0;0;0;0;0;0;0;0;0;0;0;0;0;0;0;0;0;0;0;0;0;0;0;0;0;0;0;0;0;0;0;0;0;"Eukaryota";"TSAR";"Rhizaria";"Cercozoa";"Filosa-Sarcomonadea";"Glissomonadida";"Sandonidae";"Sandona";NA;"bacterivore";"naked_flagellate";"gliding";"soil_and_freshwater"
"Otu103";0;0;0;0;0;0;0;0;0;0;0;0;0;0;0;0;0;0;0;0;1;0;0;0;0;0;0;0;0;0;2;0;0;0;0;0;0;0;0;0;0;0;0;0;0;0;0;0;0;0;0;0;0;0;0;0;0;0;0;0;0;0;0;0;0;0;0;0;0;2;0;0;0;0;0;0;0;0;0;0;0;0;0;0;0;0;0;0;0;0;0;0;0;0;0;0;0;0;"Eukaryota";"TSAR";"Rhizaria";"Cercozoa";"Filosa-Sarcomonadea";"Glissomonadida";"Allapsidae";"Allapsidae_X";"Allapsidae_X_sp.";"bacterivore";"naked_flagellate";"gliding";"soil_and_freshwater"
"Otu216";0;0;0;0;0;0;0;0;0;0;0;0;0;0;0;0;0;0;0;0;0;0;0;0;0;0;0;0;0;0;1;0;0;0;0;0;0;0;0;0;0;0;0;0;0;0;0;0;0;0;0;0;0;0;0;0;0;0;0;0;0;0;0;0;0;0;0;0;0;0;0;0;0;0;0;0;0;0;0;0;0;0;0;0;0;0;0;0;0;0;0;0;0;0;0;0;0;0;"Eukaryota";"TSAR";"Rhizaria";"Cercozoa";"Filosa-Sarcomonadea";"Glissomonadida";NA;NA;NA;NA;NA;NA;NA
"Otu45";0;0;0;0;0;1;0;0;0;0;6;0;0;2;1;0;0;2;0;0;1;0;0;0;0;0;0;0;0;0;0;5;0;0;0;0;0;0;0;9;3;0;0;0;0;0;0;0;0;0;0;0;0;0;0;0;0;0;0;0;0;0;0;0;2;0;0;0;0;0;0;0;0;0;0;0;0;0;0;0;0;0;0;0;0;0;0;3;0;0;1;0;0;0;0;0;0;0;"Eukaryota";"TSAR";"Rhizaria";"Cercozoa";"Filosa-Sarcomonadea";"Glissomonadida";"Allapsidae";"Allapsidae_X";"Allapsidae_X_sp.";"bacterivore";"naked_flagellate";"gliding";"soil_and_freshwater"
"Otu236";0;0;0;0;0;0;0;0;0;0;0;0;0;0;0;0;0;0;0;0;0;0;0;0;0;0;0;0;0;0;0;0;0;0;0;0;0;0;0;0;0;0;0;0;0;0;0;0;0;0;0;0;0;0;0;0;0;0;0;0;0;0;0;0;0;0;0;0;0;0;0;0;0;0;0;0;0;0;0;0;0;0;0;0;0;0;0;0;0;0;0;0;0;0;0;0;0;0;"Eukaryota";"TSAR";"Rhizaria";"Cercozoa";"Filosa-Sarcomonadea";"Glissomonadida";"Sandonidae";"Sandonidae_X";"Sandonidae_X_sp.";"bacterivore";"naked_flagellate";"gliding";"soil_and_freshwater"
"Otu178";0;0;0;0;0;0;0;0;0;0;0;0;0;0;0;0;0;0;0;0;0;0;0;0;0;0;0;0;0;0;0;0;3;0;0;0;0;0;0;0;0;0;0;0;0;0;0;0;0;0;0;0;0;0;0;0;0;0;0;0;0;0;0;0;0;0;0;0;0;0;0;0;0;0;0;0;0;0;0;0;0;0;0;0;0;0;0;0;0;0;0;0;0;0;0;0;0;0;"Eukaryota";"TSAR";"Rhizaria";"Cercozoa";"Filosa-Sarcomonadea";"Glissomonadida";"Allapsidae";"Allapsidae_X";"Allapsidae_X_sp.";"bacterivore";"naked_flagellate";"gliding";"soil_and_freshwater"
"Otu211";0;0;0;0;0;0;0;0;0;0;0;0;0;0;0;0;0;0;0;0;0;0;0;0;0;0;0;0;0;0;0;0;2;0;0;0;0;0;0;0;0;0;0;0;0;0;0;0;0;0;0;0;0;0;0;0;0;0;0;0;0;0;0;0;0;0;0;0;0;0;0;0;0;0;0;0;0;0;0;0;0;0;0;0;0;0;0;0;0;0;0;0;0;0;0;0;0;0;"Eukaryota";"TSAR";"Rhizaria";"Cercozoa";"Filosa-Sarcomonadea";"Glissomonadida";"Allapsidae";"Allapsidae_X";"Allapsidae_X_sp.";"bacterivore";"naked_flagellate";"gliding";"soil_and_freshwater"
"Otu122";0;0;0;0;0;0;0;0;0;0;0;0;0;0;0;0;0;0;0;0;2;0;0;0;0;0;0;0;0;0;0;0;1;0;0;0;0;0;0;0;0;0;0;0;0;0;0;0;0;0;0;0;0;0;0;0;0;0;0;0;0;0;0;0;0;0;0;0;0;0;0;0;0;0;0;0;0;0;0;0;0;0;0;0;0;0;0;0;0;0;0;0;0;0;0;0;0;0;"Eukaryota";"TSAR";"Rhizaria";"Cercozoa";NA;NA;NA;NA;NA;NA;NA;NA;NA
"Otu94";0;0;0;0;0;0;0;0;0;0;0;0;0;0;0;0;0;0;0;0;0;0;0;0;0;0;0;0;0;0;0;0;0;0;0;0;0;0;0;0;0;0;0;0;0;0;0;0;0;0;0;0;0;0;0;0;0;0;0;0;0;13;0;0;0;0;0;12;0;0;0;0;0;0;0;0;0;0;0;0;0;0;0;0;0;2;0;1;0;0;0;0;0;0;0;0;0;0;"Eukaryota";"TSAR";"Rhizaria";"Cercozoa";"Filosa-Thecofilosea";"Tectofilosida";"Tectofilosida_X";"Fisculla";NA;"eukaryvore";"testate_cell_organic";"gliding";"soil_and_freshwater"
"Otu221";0;0;0;0;0;0;0;0;0;0;0;0;0;0;0;0;0;0;0;0;0;0;0;0;0;0;0;0;0;0;0;0;0;0;0;0;0;0;0;0;0;0;0;0;0;0;0;0;0;0;0;0;0;0;0;0;0;0;0;0;0;0;0;0;0;0;0;0;0;0;0;0;0;0;0;0;0;0;0;0;0;0;0;0;0;0;0;0;0;0;0;0;0;0;0;0;0;0;"Eukaryota";"TSAR";"Rhizaria";"Cercozoa";"Filosa-Sarcomonadea";"Glissomonadida";"Sandonidae";"Sandona";NA;"bacterivore";"naked_flagellate";"gliding";"soil_and_freshwater"
"Otu142";0;0;0;0;0;0;0;2;0;0;0;0;0;0;0;0;0;0;0;0;0;1;0;0;0;0;0;0;0;0;0;0;0;0;5;0;0;0;0;1;0;0;0;0;0;0;0;0;0;0;0;0;0;0;0;0;0;0;0;0;0;0;0;0;0;0;0;1;0;0;0;0;0;0;0;0;0;0;0;0;0;0;0;0;0;0;0;0;0;0;0;0;0;0;0;0;0;0;"Eukaryota";"TSAR";"Rhizaria";"Cercozoa";"Endomyxa-Phytomyxea";"Plasmodiophorida";"Polymyxa-lineage";"Polymyxa";NA;"plant_parasite";"endoparasite";"non_motile";"soil_and_freshwater"
"Otu93";0;1;10;7;0;0;0;0;0;0;0;0;0;0;0;2;0;0;0;0;0;0;0;0;0;0;0;0;0;0;0;0;0;0;3;0;0;0;0;0;0;0;0;0;0;0;0;0;0;0;0;0;0;0;0;0;0;0;0;0;0;0;0;0;0;0;0;0;0;0;0;0;0;0;0;0;0;0;0;0;0;0;0;0;0;0;0;0;0;0;0;0;0;0;0;0;0;0;"Eukaryota";"TSAR";"Rhizaria";"Cercozoa";"Filosa-Sarcomonadea";"Cercomonadida";"Cercomonadidae";"Eocercomonas";NA;"omnivore";"naked_amoeboflagellate";"gliding";"soil_and_freshwater"
"Otu80";0;0;0;0;0;0;0;0;0;0;0;0;0;0;0;0;0;0;0;0;0;0;0;0;0;0;0;0;0;0;0;0;0;0;0;2;0;0;0;0;0;0;3;0;0;0;0;0;0;0;0;0;0;0;0;0;0;0;0;0;0;0;0;0;0;2;0;0;0;1;0;0;0;0;0;0;0;0;0;0;0;0;0;0;0;0;0;0;0;0;0;0;0;0;0;0;0;0;"Eukaryota";"TSAR";"Rhizaria";"Cercozoa";"Filosa-Sarcomonadea";"Glissomonadida";"Allapsidae";"Allapsidae_X";"Allapsidae_X_sp.";"bacterivore";"naked_flagellate";"gliding";"soil_and_freshwater"
"Otu188";0;0;0;0;0;0;0;0;0;0;0;0;0;0;0;0;0;0;0;0;0;0;0;0;0;0;0;0;0;0;0;0;0;0;0;0;0;0;0;0;0;0;0;0;0;0;0;0;0;0;0;0;0;0;0;0;0;0;0;0;0;0;0;0;0;0;0;0;0;0;0;0;0;0;0;0;0;0;0;0;0;0;0;0;0;0;0;0;0;0;0;0;0;0;0;0;0;0;"Eukaryota";"TSAR";"Rhizaria";"Cercozoa";"Cercozoa_X";"Cercozoa_XX";"Cercozoa_XXX";"Cercozoa_XXXX";"Cercozoa_XXXX_sp.";NA;NA;NA;NA
"Otu58";0;0;0;0;0;0;0;0;0;0;0;1;0;2;0;9;1;0;0;0;0;0;0;0;0;0;0;0;0;0;0;0;0;0;0;0;0;0;0;0;0;0;0;0;6;0;0;0;0;0;0;0;0;0;0;0;0;0;0;0;0;0;0;0;0;0;0;0;0;0;0;1;0;0;0;0;0;0;0;0;0;0;0;0;0;0;0;0;0;0;0;0;0;0;0;0;0;0;"Eukaryota";"TSAR";"Rhizaria";"Cercozoa";"Filosa-Thecofilosea";"Tectofilosida";"Tectofilosida_X";"Fisculla";NA;"eukaryvore";"testate_cell_organic";"gliding";"soil_and_freshwater"
"Otu170";0;0;0;0;0;0;0;0;0;0;0;0;0;0;0;0;0;0;0;0;0;0;0;0;0;0;0;0;0;0;0;0;0;0;0;0;0;0;0;0;0;0;0;0;0;2;0;0;0;0;0;0;0;0;0;0;0;0;0;0;0;0;0;0;0;0;0;0;0;0;0;0;0;0;0;0;0;0;0;0;0;0;0;0;0;0;0;0;0;0;0;0;0;0;0;0;0;0;"Eukaryota";"TSAR";"Rhizaria";"Cercozoa";"Filosa-Sarcomonadea";"Glissomonadida";"Allapsidae";"Viridiraptor";"Viridiraptor_invadens";"eukaryvore";"naked_amoeboflagellate";"gliding";"soil_and_freshwater"
"Otu116";0;0;0;0;0;0;0;0;0;0;0;0;0;0;0;0;0;0;0;0;0;0;0;0;0;0;0;0;0;0;0;0;0;0;0;0;0;0;0;0;0;0;0;0;0;0;0;0;0;0;0;1;0;0;0;0;0;0;0;0;0;0;0;0;0;0;0;0;0;0;0;0;0;0;0;0;0;0;0;0;0;0;0;0;0;0;0;0;0;0;0;0;0;0;0;0;0;0;"Eukaryota";"TSAR";"Rhizaria";"Cercozoa";"Filosa-Sarcomonadea";"Glissomonadida";"Allapsidae";NA;NA;NA;NA;NA;NA
"Otu139";0;0;0;0;0;0;0;0;0;0;0;0;0;0;0;0;0;0;0;0;0;0;0;0;0;0;0;0;0;0;0;0;0;0;0;0;0;0;0;0;0;0;0;0;0;0;0;0;0;0;0;0;0;0;0;0;0;0;0;0;0;0;0;0;0;0;0;0;0;0;0;0;0;0;0;0;0;0;0;0;0;0;0;0;0;0;0;0;0;0;0;0;0;0;0;0;0;0;"Eukaryota";"TSAR";"Rhizaria";"Cercozoa";"Filosa-Granofilosea";"Limnofilida";"Limnofilidae";"Limnofilidae_X";"Limnofilidae_X_sp.";"bacterivore";"naked_amoeboflagellate";"gliding";"soil_and_freshwater"
"Otu126";0;0;0;0;0;0;0;0;0;0;0;0;0;0;0;0;0;0;0;0;0;0;0;0;0;0;0;0;0;0;0;0;0;0;0;0;0;0;0;0;0;0;0;0;0;0;0;0;0;0;0;0;0;3;0;0;0;0;0;0;0;0;0;0;0;0;0;0;0;0;0;0;0;0;0;0;0;0;0;0;0;0;0;0;0;0;0;0;0;0;0;0;0;0;0;0;0;0;"Eukaryota";"TSAR";"Rhizaria";"Cercozoa";"Filosa-Sarcomonadea";"Glissomonadida";"Allapsidae";"Group-Te";"Group_Te_sp.";NA;NA;NA;NA
"Otu227";0;0;0;0;0;0;0;0;0;0;0;0;0;0;0;0;0;0;0;0;0;0;0;0;0;0;0;0;0;0;0;0;0;0;0;0;0;0;0;0;0;0;0;0;0;0;0;0;0;0;0;0;0;0;0;0;0;0;0;0;0;0;0;0;0;0;0;0;0;0;0;0;0;0;0;0;0;0;0;0;0;0;0;0;0;0;0;0;0;1;0;0;0;0;0;0;0;0;"Eukaryota";"TSAR";"Rhizaria";"Cercozoa";"Filosa-Sarcomonadea";"Glissomonadida";"Allapsidae";"Allapsidae_X";"Allapsidae_X_sp.";"bacterivore";"naked_flagellate";"gliding";"soil_and_freshwater"
"Otu209";0;0;0;0;0;0;0;0;0;0;0;0;0;0;0;0;0;0;0;0;0;0;0;0;0;0;0;0;0;0;0;0;0;0;0;0;0;0;0;0;0;0;0;0;0;0;0;0;0;0;0;0;0;0;0;0;0;0;0;0;0;0;0;0;0;0;0;0;0;0;0;0;0;0;0;0;0;0;0;0;0;0;0;0;0;0;0;0;0;0;0;0;0;0;0;0;0;0;"Eukaryota";"TSAR";"Rhizaria";"Cercozoa";"Endomyxa-Phytomyxea";"Plasmodiophorida";"Polymyxa-lineage";"Polymyxa";"Polymyxa_graminis";"plant_parasite";"endoparasite";"non_motile";"soil_and_freshwater"
"Otu160";0;0;0;0;0;0;0;0;0;0;0;0;0;0;0;0;0;0;0;0;0;0;0;0;0;0;0;0;0;0;0;0;0;0;0;0;0;0;0;0;0;0;0;0;0;0;0;0;0;0;0;0;0;0;0;0;2;11;5;0;0;5;2;4;122;2;0;9;115;0;0;19;5;44;0;3;0;74;48;28;0;2;1;2;1;0;0;0;0;0;0;0;24;3;0;0;0;0;"Eukaryota";"TSAR";"Rhizaria";"Cercozoa";"Endomyxa-Phytomyxea";"Plasmodiophorida";"Plasmodiophorida_X";NA;NA;NA;NA;NA;NA
"Otu84";0;0;0;0;0;0;0;0;0;0;0;0;0;0;0;0;0;0;0;0;0;0;0;0;0;0;0;0;0;0;0;0;0;0;0;0;0;0;0;0;0;0;0;0;0;0;0;0;0;0;0;0;0;0;0;0;5;0;0;0;0;0;0;0;0;0;0;0;0;0;0;0;0;0;0;1;0;0;0;0;0;0;0;2;0;1;0;0;0;0;0;4;0;0;0;0;0;1;"Eukaryota";"TSAR";"Rhizaria";"Cercozoa";"Filosa-Sarcomonadea";"Glissomonadida";"Sandonidae";"Sandona";"Sandona_sp.";"bacterivore";"naked_flagellate";"gliding";"soil_and_freshwater"
"Otu62";0;0;0;0;0;0;0;0;0;0;0;0;0;0;0;0;0;0;0;0;0;0;0;0;0;0;0;0;0;0;0;0;0;0;0;0;0;0;0;0;0;0;0;0;0;0;0;0;0;0;0;0;0;0;0;0;4;0;0;0;0;0;0;0;0;0;0;0;3;0;0;0;3;0;0;0;0;6;9;0;0;0;0;0;0;1;0;0;0;0;0;0;0;0;0;0;0;0;"Eukaryota";"TSAR";"Rhizaria";"Cercozoa";"Filosa-Sarcomonadea";"Glissomonadida";NA;NA;NA;NA;NA;NA;NA
"Otu68";0;1;0;0;0;0;0;0;0;0;0;0;0;0;0;0;0;0;0;0;0;0;0;0;0;0;0;0;0;0;0;0;0;0;0;0;0;0;0;0;0;0;0;0;0;0;0;0;0;0;0;0;0;0;0;0;4;0;2;0;2;2;0;1;0;0;0;0;1;1;5;2;0;0;0;0;0;0;0;0;1;0;1;0;0;1;4;0;2;0;0;0;0;0;0;0;0;0;"Eukaryota";"TSAR";"Rhizaria";"Cercozoa";"Filosa-Granofilosea";"Limnofilida";"Limnofilidae";"Limnofilidae_X";"Limnofilidae_X_sp.";"bacterivore";"naked_amoeboflagellate";"gliding";"soil_and_freshwater"
"Otu17";0;0;1;0;0;0;0;0;0;0;0;0;0;0;0;0;0;0;0;0;0;0;0;0;0;0;0;0;0;0;0;0;0;0;0;0;0;0;0;0;0;0;0;0;0;0;0;0;0;0;0;0;0;0;0;0;0;11;0;0;0;0;0;2;0;1;0;3;2;1;0;1;0;0;1;0;0;0;8;0;0;2;0;0;0;0;3;2;0;0;0;5;11;0;0;0;0;0;"Eukaryota";"TSAR";"Rhizaria";"Cercozoa";"Filosa-Sarcomonadea";"Glissomonadida";"Allapsidae";"Allapsa";NA;"bacterivore";"naked_flagellate";"gliding";"soil_and_freshwater"
"Otu82";0;0;0;0;0;0;0;0;0;0;0;0;0;0;0;0;0;0;0;0;0;0;0;0;0;0;0;0;0;0;0;0;0;0;0;0;0;0;0;0;0;0;0;0;0;0;0;0;0;0;0;0;0;0;0;0;0;0;0;0;0;0;0;4;0;0;0;0;0;0;0;0;3;0;0;0;0;0;0;0;0;0;0;1;0;0;0;0;0;0;0;0;0;0;0;0;0;0;"Eukaryota";"TSAR";"Rhizaria";"Cercozoa";"Filosa-Sarcomonadea";"Glissomonadida";"Allapsidae";"Allapsidae_X";"Allapsidae_X_sp.";"bacterivore";"naked_flagellate";"gliding";"soil_and_freshwater"
"Otu112";0;0;0;0;0;0;0;0;0;0;0;0;0;0;0;0;0;0;0;0;0;0;0;0;0;0;0;0;0;0;0;0;0;0;0;0;0;0;0;0;0;0;0;0;0;0;0;0;0;0;0;0;0;0;0;0;0;0;0;0;0;0;0;0;0;0;0;0;0;0;0;0;0;0;0;0;0;0;3;0;4;0;0;0;0;2;0;0;0;0;0;0;0;0;0;0;0;0;"Eukaryota";"TSAR";"Rhizaria";"Cercozoa";"Filosa-Sarcomonadea";"Glissomonadida";"Allapsidae";"Group-Te";"Group_Te_sp.";NA;NA;NA;NA
"Otu159";0;0;0;0;0;0;0;0;0;0;0;0;0;0;0;0;0;0;0;0;0;0;0;0;0;0;0;0;0;0;0;0;0;0;0;0;0;0;0;0;0;0;0;0;0;0;0;0;0;0;0;0;0;0;0;0;0;0;0;0;0;0;0;0;0;0;0;0;0;0;0;0;0;0;0;0;0;0;0;0;0;0;0;0;0;0;0;0;0;0;0;0;0;0;0;0;0;0;"Eukaryota";"TSAR";"Rhizaria";"Cercozoa";"Filosa-Imbricatea";"Marimonadida";"Marimonadida_X";"Marimonadida_XX";"Marimonadida_XX_sp.";NA;"naked_flagellate";"gliding";NA
"Otu73";0;0;0;0;0;0;0;0;0;0;0;0;0;0;0;0;0;0;0;0;0;0;0;0;0;0;0;0;0;0;0;0;0;0;0;0;0;0;0;0;0;0;0;0;0;0;0;0;0;0;0;0;0;0;0;0;0;0;0;2;1;0;0;0;1;0;0;0;0;0;0;0;0;0;0;0;0;0;0;0;0;1;0;0;0;0;0;0;0;0;0;0;0;0;0;0;1;0;"Eukaryota";"TSAR";"Rhizaria";"Cercozoa";"Filosa-Sarcomonadea";"Glissomonadida";"Allapsidae";"Allapsa";NA;"bacterivore";"naked_flagellate";"gliding";"soil_and_freshwater"
"Otu107";0;0;0;0;0;0;0;0;0;0;0;0;0;0;0;0;0;0;0;0;0;0;0;0;0;0;0;0;0;0;0;0;0;0;0;0;0;0;0;0;0;0;0;0;0;0;0;0;0;0;0;0;0;0;0;0;0;0;0;0;0;0;0;0;0;0;1;0;0;0;0;0;0;0;0;1;0;0;0;0;0;0;0;0;0;0;1;1;1;0;0;0;0;0;0;0;0;0;"Eukaryota";"TSAR";"Rhizaria";"Cercozoa";"Filosa-Thecofilosea";"Tectofilosida";"Tectofilosida_X";"Fisculla";NA;"eukaryvore";"testate_cell_organic";"gliding";"soil_and_freshwater"
"Otu75";0;0;0;0;0;0;0;0;0;0;0;0;0;0;0;0;0;0;0;0;0;0;0;0;0;0;0;0;0;0;0;0;0;0;0;0;0;0;0;0;0;0;0;0;0;0;0;0;0;0;0;0;0;0;0;0;0;0;0;0;0;0;0;0;0;0;14;0;0;0;0;0;0;0;0;0;0;0;0;0;0;0;0;0;0;0;0;0;0;0;0;0;0;0;0;0;0;0;"Eukaryota";"TSAR";"Rhizaria";"Cercozoa";"Endomyxa-Phytomyxea";"Plasmodiophorida";"Polymyxa-lineage";NA;NA;NA;NA;NA;NA
"Otu64";0;0;0;0;0;0;0;0;0;0;0;0;0;0;0;0;0;0;0;0;0;0;0;0;0;0;0;0;0;0;0;0;0;0;0;0;0;0;0;0;0;0;0;0;0;0;0;0;0;0;0;0;0;0;0;0;0;0;0;0;0;0;1;0;1;0;0;0;1;0;0;4;0;0;0;0;2;0;0;0;0;3;0;0;0;0;0;0;0;0;0;0;0;0;0;0;0;0;"Eukaryota";"TSAR";"Rhizaria";"Cercozoa";"Filosa-Sarcomonadea";"Glissomonadida";"Bodomorphidae";"Bodomorpha";"Bodomorpha_sp.";"bacterivore";"naked_flagellate";"gliding";"soil_and_freshwater"
"Otu101";0;0;0;0;0;0;0;0;0;0;0;0;0;0;0;0;0;0;0;0;0;0;0;0;0;0;0;0;0;0;0;0;0;0;0;0;0;0;0;0;0;0;0;0;0;0;0;0;0;0;0;0;0;0;0;0;0;0;0;0;3;0;0;0;0;0;0;0;0;0;0;0;0;0;0;0;0;0;0;5;0;0;0;0;0;0;0;0;0;0;0;0;0;0;0;0;0;0;"Eukaryota";"TSAR";"Rhizaria";"Cercozoa";"Endomyxa-Phytomyxea";"Plasmodiophorida";"Plasmodiophoridae";"Plasmodiophora";"Plasmodiophora_brassicae";"plant_parasite";"endoparasite";"non_motile";"soil_and_freshwater"
"Otu98";0;0;2;0;0;0;0;0;0;0;0;0;0;0;0;0;0;0;0;0;0;0;0;0;0;0;0;0;0;0;0;0;0;0;0;0;0;0;0;0;0;0;0;0;0;0;0;0;0;0;0;0;0;0;0;0;0;0;0;0;1;0;0;0;0;0;0;0;0;0;0;0;0;0;0;0;0;0;0;0;0;0;0;0;0;0;0;0;0;0;0;0;0;0;0;0;0;0;"Eukaryota";"TSAR";"Rhizaria";"Cercozoa";"Filosa-Sarcomonadea";"Glissomonadida";"Glissomonadida_X";"Glissomonadida_XX";"Glissomonadida_XX_sp.";NA;NA;NA;"soil_and_freshwater"
"Otu132";0;0;0;0;0;0;0;0;0;3;0;0;1;0;0;1;0;0;0;0;0;0;0;0;0;0;0;0;0;0;0;0;0;0;0;0;0;0;0;0;0;0;0;0;0;0;0;0;0;0;0;0;0;0;0;0;0;0;0;0;0;2;0;0;0;0;0;5;0;0;0;0;0;0;0;0;0;0;0;0;0;0;0;0;0;0;0;0;7;0;0;0;0;0;0;0;0;0;"Eukaryota";"TSAR";"Rhizaria";"Cercozoa";"Filosa-Sarcomonadea";"Glissomonadida";"Allapsidae";"Allantion";"Allantion_sp.";"bacterivore";"naked_flagellate";"gliding";"soil_and_freshwater"
"Otu134";0;0;0;3;0;0;0;0;0;0;0;0;0;0;0;0;0;0;0;0;0;0;0;0;0;0;0;0;0;0;0;0;0;0;0;0;0;0;0;0;0;0;0;0;0;0;0;0;0;0;0;0;0;0;0;0;0;0;0;0;0;0;0;0;0;0;0;0;0;0;0;0;0;0;0;0;0;0;0;0;0;0;0;0;0;0;0;0;1;0;0;0;0;0;0;0;0;1;"Eukaryota";"TSAR";"Rhizaria";"Cercozoa";"Filosa-Sarcomonadea";"Glissomonadida";"Allapsidae";"Group-Te";"Group_Te_sp.";NA;NA;NA;NA
"Otu48";0;0;0;0;0;0;0;0;0;0;0;0;0;0;0;0;0;0;0;0;0;0;0;0;0;0;0;0;0;0;0;0;0;0;0;0;0;0;0;0;0;0;0;0;0;0;0;0;0;0;0;0;0;0;0;0;0;0;0;0;0;0;0;0;0;0;0;18;0;0;0;0;0;0;0;0;0;0;0;0;0;0;0;0;0;0;0;0;0;0;0;0;0;0;0;0;0;0;"Eukaryota";"TSAR";"Rhizaria";"Cercozoa";"Filosa-Sarcomonadea";"Glissomonadida";"Glissomonadida_X";"Glissomonadida_XX";"Glissomonadida_XX_sp.";NA;NA;NA;"soil_and_freshwater"
"Otu206";0;0;0;0;0;0;0;0;0;0;0;0;0;0;0;0;0;0;0;0;0;0;0;0;0;0;0;0;0;0;0;0;0;0;0;0;0;0;0;0;0;0;0;0;0;0;0;0;0;0;0;0;0;0;0;0;0;0;0;0;0;0;0;0;0;0;0;0;0;0;0;0;0;0;0;0;0;0;0;0;0;0;0;0;0;0;0;0;0;0;0;0;0;0;0;0;0;0;"Eukaryota";"TSAR";"Rhizaria";"Cercozoa";"Filosa-Thecofilosea";"Cryomonadida";"Rhogostoma-lineage";"Rhogostoma-lineage_X";"Rhogostoma-lineage_X_sp.";"omnivore";"testate_cell_organic";"gliding";"soil_and_freshwater"
"Otu138";0;0;0;0;10;0;0;0;0;0;0;0;0;0;0;0;0;0;0;0;0;0;0;0;0;0;0;0;0;0;0;0;0;0;0;0;0;0;0;0;0;0;0;0;0;0;0;0;0;0;0;0;0;0;0;0;0;0;0;0;0;0;0;0;0;0;0;0;0;0;2;0;0;0;0;0;0;0;0;0;0;0;0;0;0;0;0;0;0;0;0;0;0;0;0;0;0;0;"Eukaryota";"TSAR";"Rhizaria";"Cercozoa";"Filosa-Sarcomonadea";"Cercomonadida";"Cercomonadidae";"Eocercomonas";NA;"omnivore";"naked_amoeboflagellate";"gliding";"soil_and_freshwater"
"Otu34";0;1;0;0;0;0;0;0;1;0;0;0;31;1;0;3;1;2;0;0;0;4;0;0;0;0;0;0;0;0;0;0;0;0;0;0;0;0;0;0;0;0;0;0;0;0;0;0;0;0;0;0;0;0;0;0;0;0;0;0;0;0;0;0;0;0;0;0;0;0;0;0;1;1;0;0;0;0;0;0;0;0;0;0;0;0;0;0;0;17;0;0;0;0;0;0;0;1;"Eukaryota";"TSAR";"Rhizaria";"Cercozoa";"Endomyxa-Phytomyxea";"Plasmodiophorida";"Plasmodiophoridae";"Plasmodiophora";"Plasmodiophora_brassicae";"plant_parasite";"endoparasite";"non_motile";"soil_and_freshwater"
"Otu182";0;0;0;0;0;0;0;0;0;0;0;0;0;0;0;0;0;0;0;0;0;0;0;0;0;0;0;0;0;0;0;0;0;0;0;0;0;0;0;0;0;0;0;0;0;0;0;0;0;0;0;0;0;0;0;0;0;0;0;0;0;0;0;0;0;0;0;0;0;0;0;0;0;0;0;0;0;0;0;0;0;0;0;0;0;0;0;0;0;0;0;0;0;0;0;0;0;0;"Eukaryota";"TSAR";"Rhizaria";"Cercozoa";NA;NA;NA;NA;NA;NA;NA;NA;NA
"Otu120";0;0;0;0;0;0;0;0;0;0;0;0;0;0;0;0;0;0;0;0;0;0;0;0;0;0;0;0;0;0;0;0;0;0;0;0;0;0;0;0;0;0;0;0;0;0;0;0;0;0;0;0;0;0;0;0;0;0;0;0;0;0;0;0;0;0;2;0;0;0;0;0;0;0;0;0;0;0;0;0;0;1;0;0;0;0;0;0;0;0;0;0;0;0;0;0;0;0;"Eukaryota";"TSAR";"Rhizaria";"Cercozoa";NA;NA;NA;NA;NA;NA;NA;NA;NA
"Otu222";0;0;0;0;0;0;0;0;0;0;0;0;0;0;0;0;0;0;0;0;0;0;0;0;0;0;0;0;0;0;0;0;0;0;0;0;0;0;0;0;0;0;0;0;0;0;0;0;0;0;0;0;0;0;0;0;0;0;0;0;0;0;0;0;0;0;0;0;0;0;0;0;0;0;0;0;0;0;0;0;0;0;0;0;0;0;0;0;0;0;0;0;0;0;0;0;0;0;"Eukaryota";"TSAR";"Rhizaria";"Cercozoa";"Filosa-Sarcomonadea";"Cercomonadida";"Paracercomonadidae";"Paracercomonas";"Paracercomonas_sp.";"bacterivore";"naked_amoeboflagellate";"gliding";"soil_and_freshwater"
"Otu100";0;0;0;0;0;0;0;0;0;0;0;0;0;0;0;0;1;0;0;0;0;0;0;0;0;0;0;0;0;0;0;0;0;0;0;0;0;0;0;0;0;0;0;0;0;0;0;0;0;0;0;0;0;0;0;0;0;0;0;0;0;0;0;0;0;0;0;0;0;0;0;0;0;0;0;0;0;0;0;0;0;0;0;0;0;0;0;0;0;0;0;0;0;0;0;0;5;0;"Eukaryota";"TSAR";"Rhizaria";"Cercozoa";"Filosa-Thecofilosea";"Tectofilosida";"Tectofilosida_X";"Fisculla";NA;"eukaryvore";"testate_cell_organic";"gliding";"soil_and_freshwater"
"Otu246";0;0;0;0;0;0;0;0;0;0;0;0;0;0;0;0;0;0;0;0;0;0;0;0;0;0;0;0;0;0;0;0;0;0;0;0;0;0;0;0;0;0;0;0;0;0;0;0;0;0;0;0;0;0;0;0;0;0;0;0;0;0;0;0;0;0;0;0;0;2;0;0;0;0;0;0;0;0;0;0;0;0;0;0;0;0;0;0;0;0;0;0;0;0;0;0;0;0;"Eukaryota";"TSAR";"Rhizaria";"Cercozoa";"Filosa-Sarcomonadea";"Glissomonadida";"Sandonidae";"Sandonidae_X";"Sandonidae_X_sp.";"bacterivore";"naked_flagellate";"gliding";"soil_and_freshwater"
"Otu154";0;0;0;0;0;0;0;0;0;0;0;0;0;0;0;0;0;0;0;0;0;0;0;0;0;0;0;0;0;0;0;0;0;0;0;0;0;0;0;0;0;0;0;0;0;0;0;0;0;0;0;0;0;0;0;0;0;0;0;0;0;0;0;0;0;0;0;0;0;0;4;0;0;0;0;0;0;0;0;0;0;0;0;0;0;0;0;0;0;0;0;0;0;0;0;0;0;0;"Eukaryota";"TSAR";"Rhizaria";"Cercozoa";"Filosa-Granofilosea";"Limnofilida";"Limnofilidae";"Limnofilidae_X";"Limnofilidae_X_sp.";"bacterivore";"naked_amoeboflagellate";"gliding";"soil_and_freshwater"
"Otu102";0;1;0;0;0;0;0;0;0;0;0;0;0;0;0;0;0;0;0;0;0;0;0;0;0;0;0;0;0;0;0;0;0;0;0;0;0;0;0;0;0;0;0;0;0;0;0;0;0;0;0;0;0;0;0;0;0;0;0;0;0;0;0;0;0;0;0;0;0;0;0;2;1;0;0;0;0;4;0;5;0;0;2;1;1;0;0;0;0;0;3;0;0;0;0;0;0;0;"Eukaryota";"TSAR";"Rhizaria";"Cercozoa";"Filosa-Sarcomonadea";"Glissomonadida";"Bodomorphidae";"Bodomorpha";"Bodomorpha_sp.";"bacterivore";"naked_flagellate";"gliding";"soil_and_freshwater"
"Otu43";0;0;54;0;0;0;0;0;0;0;0;0;0;0;0;0;3;0;0;0;0;0;0;0;0;0;0;0;0;0;0;0;0;0;0;0;0;0;0;0;0;0;0;0;0;0;0;0;0;0;0;0;0;0;0;0;0;0;0;0;0;0;0;0;0;0;0;0;0;0;0;0;2;0;0;0;0;0;0;0;5;0;0;0;3;0;7;0;0;6;0;0;4;0;0;1;0;0;"Eukaryota";"TSAR";"Rhizaria";"Cercozoa";"Endomyxa-Phytomyxea";"Plasmodiophorida";"Plasmodiophorida_X";"Spongospora";NA;"plant_parasite";"endoparasite";"non_motile";"soil_and_freshwater"
"Otu6";12;29;1;0;0;13;3;1;1;0;0;3;0;0;40;0;56;0;0;0;0;0;0;0;0;0;0;0;0;0;0;0;0;0;0;0;0;0;0;0;0;0;0;0;0;0;0;0;0;0;0;0;0;0;0;0;0;0;0;0;0;0;0;0;0;0;0;0;0;0;0;0;13;36;4;39;0;0;0;20;25;0;1;6;16;0;24;0;0;1;1;47;0;83;19;25;13;0;"Eukaryota";"TSAR";"Rhizaria";"Cercozoa";"Endomyxa-Phytomyxea";"Plasmodiophorida";"Plasmodiophorida_X";NA;NA;NA;NA;NA;NA
"Otu200";0;0;0;0;0;0;0;0;0;0;0;0;0;0;0;0;0;0;0;0;0;0;0;0;0;0;0;0;0;0;0;0;0;0;0;0;0;0;0;0;0;0;0;0;0;0;0;0;0;0;0;0;0;0;0;0;0;0;0;0;0;0;0;0;0;0;0;0;0;0;0;0;0;0;0;0;0;1;0;0;0;0;0;0;0;0;0;0;0;0;0;0;0;0;1;0;0;0;"Eukaryota";"TSAR";"Rhizaria";"Cercozoa";"Filosa-Sarcomonadea";"Glissomonadida";"Sandonidae";NA;NA;NA;NA;NA;NA
"Otu146";0;0;0;0;0;0;0;0;0;0;0;0;0;0;0;0;0;0;0;0;0;0;0;0;0;0;0;0;0;0;0;0;0;0;0;0;0;0;0;0;0;0;0;0;0;0;0;0;0;0;0;0;0;0;0;0;0;0;0;0;0;0;0;0;0;0;0;0;0;0;0;0;0;0;0;0;0;0;0;0;7;0;0;0;0;0;0;0;0;0;0;0;0;0;0;0;0;0;"Eukaryota";"TSAR";"Rhizaria";"Cercozoa";"Endomyxa-Phytomyxea";"Plasmodiophorida";"Plasmodiophorida_X";"Spongospora";"Spongospora_subterranea";"plant_parasite";"endoparasite";"non_motile";"soil_and_freshwater"
"Otu8";0;0;1;1;1;0;0;0;0;0;0;0;0;0;0;0;0;0;0;0;0;0;0;0;0;0;0;0;0;0;0;0;0;0;0;0;0;0;0;0;0;0;0;0;0;0;0;0;0;0;0;0;0;0;0;0;0;0;0;0;0;0;0;0;0;0;0;0;0;0;0;0;0;0;0;0;0;0;0;0;0;0;0;0;1;0;0;0;1;0;0;1;0;0;120;0;0;0;"Eukaryota";"TSAR";"Rhizaria";"Cercozoa";"Endomyxa-Phytomyxea";"Plasmodiophorida";NA;NA;NA;NA;NA;NA;NA
"Otu67";0;1;0;0;0;0;10;0;0;0;0;0;0;0;0;0;0;0;0;0;0;0;0;0;0;0;0;0;0;0;0;0;0;0;0;0;0;0;0;0;0;0;0;0;0;0;0;0;0;0;0;0;0;0;0;0;0;0;0;0;0;0;0;0;0;0;0;0;0;0;0;0;0;0;0;0;0;0;0;0;0;0;0;0;0;0;0;0;0;0;0;0;0;0;0;0;0;0;"Eukaryota";"TSAR";"Rhizaria";"Cercozoa";"Filosa-Granofilosea";"Massiterida";"Massiteriidae";"Massisteria";"Massisteria_marina";"bacterivore";"naked_amoeboflagellate";"gliding";"marine"
"Otu118";0;0;0;0;0;0;0;0;0;0;0;0;0;0;0;0;0;0;0;0;0;0;0;0;0;0;0;0;0;0;0;0;0;0;0;0;0;0;0;0;0;0;0;0;0;0;0;0;0;0;0;0;0;0;0;0;0;0;0;0;0;0;0;0;0;0;0;0;0;0;0;0;0;0;0;0;0;0;0;0;0;0;0;0;0;0;5;0;0;0;0;0;0;0;0;0;0;0;"Eukaryota";"TSAR";"Rhizaria";"Cercozoa";"Filosa-Thecofilosea";"Tectofilosida";"Tectofilosida_X";"Fisculla";NA;"eukaryvore";"testate_cell_organic";"gliding";"soil_and_freshwater"
"Otu228";0;1;0;0;0;0;0;0;0;0;0;0;0;0;0;0;0;0;0;0;0;0;0;0;0;0;0;0;0;0;0;0;0;0;0;0;0;0;0;0;0;0;0;0;0;0;0;0;0;0;0;0;0;0;0;0;0;0;0;0;0;0;0;0;0;0;0;0;0;0;0;0;0;0;0;0;0;0;0;0;0;0;0;0;0;0;0;0;0;0;0;0;0;0;0;0;0;0;"Eukaryota";"TSAR";"Rhizaria";"Cercozoa";"Filosa-Sarcomonadea";"Glissomonadida";"Glissomonadida_X";"Glissomonadida_XX";"Glissomonadida_XX_sp.";NA;NA;NA;"soil_and_freshwater"
"Otu115";0;0;0;0;0;0;0;0;0;0;0;0;0;0;0;0;0;0;0;0;0;0;0;0;0;0;0;0;0;0;0;0;0;0;0;0;0;0;0;0;0;0;0;0;0;0;0;0;0;0;0;0;0;0;0;0;0;0;0;0;0;0;0;0;0;0;0;0;0;0;0;0;0;0;0;0;0;0;0;0;0;0;0;0;0;0;0;0;0;0;9;0;0;0;0;0;0;0;"Eukaryota";"TSAR";"Rhizaria";"Cercozoa";"Filosa-Thecofilosea";"Tectofilosida";"Pseudodifflugiidae";"Pseudodifflugiidae_X";"Pseudodifflugiidae_X_sp.";"eukaryvore";"testate_cell_organic";"gliding";"soil_and_freshwater"
"Otu187";0;0;0;0;0;0;0;0;0;0;0;0;0;0;0;0;0;0;0;0;0;0;0;0;0;0;0;0;0;0;0;0;0;0;0;0;0;0;0;0;0;0;0;0;0;0;0;0;0;0;0;0;0;0;0;0;0;0;0;0;0;0;0;0;0;0;0;0;0;0;0;0;0;0;0;0;0;0;0;0;0;0;0;0;0;0;0;0;4;0;0;0;0;0;0;0;0;0;"Eukaryota";"TSAR";"Rhizaria";"Cercozoa";"Filosa-Sarcomonadea";"Glissomonadida";"Allapsidae";"Allantion";"Allantion_sp.";"bacterivore";"naked_flagellate";"gliding";"soil_and_freshwater"
"Otu152";0;0;0;0;0;0;0;0;0;0;0;0;0;0;0;0;0;0;0;0;0;0;0;0;0;0;0;0;0;0;0;0;0;0;0;0;0;0;0;0;0;0;0;0;0;0;0;0;0;0;0;0;0;0;0;0;0;0;0;0;0;0;0;0;0;0;0;0;0;0;0;0;0;0;0;0;0;0;0;0;0;0;0;0;0;0;0;0;2;0;2;0;0;0;0;0;0;0;"Eukaryota";"TSAR";"Rhizaria";"Cercozoa";"Filosa-Sarcomonadea";"Cercomonadida";"Paracercomonadidae";"Paracercomonas";NA;"bacterivore";"naked_amoeboflagellate";"gliding";"soil_and_freshwater"
"Otu237";0;0;0;0;0;0;0;0;0;0;0;0;0;0;0;0;0;0;0;0;0;0;0;0;0;0;0;0;0;0;0;0;0;0;0;0;0;0;0;0;0;0;0;0;0;0;0;0;0;0;0;0;0;0;0;0;0;0;0;0;0;0;0;0;0;0;0;0;0;0;0;0;0;0;0;0;0;0;0;0;0;0;0;0;0;0;0;0;1;0;0;0;0;0;0;0;0;0;"Eukaryota";"TSAR";"Rhizaria";"Cercozoa";"Filosa-Sarcomonadea";"Cercomonadida";"Cercomonadidae";"Neocercomonas";"Neocercomonas_sp.";"omnivore";"naked_amoeboflagellate";"gliding";"soil_and_freshwater"
"Otu231";0;0;0;0;0;0;0;0;0;0;0;0;0;0;0;0;0;0;0;0;0;0;0;0;0;0;0;0;0;0;0;0;0;0;0;0;0;0;0;0;0;0;0;0;0;0;0;0;0;0;0;0;0;0;0;0;0;0;0;0;0;0;0;0;0;0;0;0;0;0;0;0;0;0;0;0;0;0;0;0;0;0;0;0;0;0;0;0;0;5;0;0;0;0;0;0;0;0;"Eukaryota";"TSAR";"Rhizaria";"Cercozoa";"Endomyxa-Phytomyxea";"Plasmodiophorida";"Plasmodiophorida_X";"Spongospora";NA;"plant_parasite";"endoparasite";"non_motile";"soil_and_freshwater"
"Otu233";0;0;0;0;0;0;0;0;0;0;0;0;0;0;0;0;0;0;0;0;0;0;0;0;0;0;0;0;0;0;0;0;0;0;0;0;0;0;0;0;0;0;0;0;0;0;0;0;0;0;0;0;0;0;0;0;0;0;0;0;0;0;0;0;0;0;0;0;0;0;0;0;0;0;0;0;0;0;0;0;0;0;0;0;0;0;0;0;0;0;0;0;0;0;0;0;0;2;"Eukaryota";"TSAR";"Rhizaria";"Cercozoa";NA;NA;NA;NA;NA;NA;NA;NA;NA
"Otu133";0;0;0;0;0;0;0;0;0;0;0;0;0;0;0;0;0;0;0;0;0;1;0;0;0;0;0;0;0;0;0;0;0;0;0;0;0;0;0;0;0;0;0;0;0;0;0;0;0;0;0;0;0;0;0;0;0;0;0;0;0;0;0;0;0;0;0;0;0;0;0;0;0;0;0;0;0;0;0;0;0;0;0;0;0;0;0;0;0;0;0;0;0;0;0;0;0;0;"Eukaryota";"TSAR";"Rhizaria";"Cercozoa";"Filosa-Sarcomonadea";"Glissomonadida";"Allapsidae";"Group-Te";"Group_Te_sp.";NA;NA;NA;NA
"Otu90";0;0;0;0;0;0;0;0;0;0;0;0;0;0;6;0;0;1;0;0;0;0;0;0;0;0;0;0;0;0;0;0;0;0;0;0;0;0;0;0;0;0;0;0;0;0;0;0;0;0;0;0;0;0;0;0;0;0;0;0;0;0;0;0;0;0;0;0;0;0;0;0;0;0;0;0;0;0;0;0;0;0;0;0;0;0;0;0;0;0;0;0;0;0;0;0;0;0;"Eukaryota";"TSAR";"Rhizaria";"Cercozoa";"Endomyxa-Phytomyxea";"Plasmodiophorida";"Polymyxa-lineage";"Polymyxa";NA;"plant_parasite";"endoparasite";"non_motile";"soil_and_freshwater"
"Otu204";0;0;0;0;0;0;0;0;0;0;0;0;0;0;0;0;0;4;0;0;0;0;0;0;0;0;0;0;0;0;0;0;0;0;0;0;0;0;0;0;0;0;0;0;0;0;0;0;0;0;0;0;0;0;0;0;0;0;0;0;0;0;0;0;0;0;0;0;0;0;0;0;0;0;0;0;0;0;0;0;0;0;0;0;0;0;0;0;0;0;0;0;0;0;0;0;0;0;"Eukaryota";"TSAR";"Rhizaria";"Cercozoa";"Filosa-Sarcomonadea";"Glissomonadida";"Glissomonadida_X";"Glissomonadida_XX";"Glissomonadida_XX_sp.";NA;NA;NA;"soil_and_freshwater"
